timestamp,open,high,low,close,volume
2025-07-03 03:45:00,3344.76,3346.34,3343.62,3344.76,2029
2025-07-03 04:00:00,3344.81,3346.2,3341.87,3345.79,2380
2025-07-03 04:15:00,3345.8,3347.06,3341.8,3343.54,2043
2025-07-03 04:30:00,3343.54,3348.15,3342.7,3346.11,2191
2025-07-03 04:45:00,3346.13,3346.36,3344.03,3345.97,1793
2025-07-03 05:00:00,3345.97,3349.01,3345.66,3347.5,2039
2025-07-03 05:15:00,3347.49,3348.08,3346.23,3346.98,966
2025-07-03 05:30:00,3346.94,3348.82,3346.56,3347.76,1330
2025-07-03 05:45:00,3347.7,3351.43,3347.32,3351.05,1684
2025-07-03 06:00:00,3351.07,3351.54,3348.78,3349.14,1415
2025-07-03 06:15:00,3349.19,3349.2,3345.75,3347.23,1537
2025-07-03 06:30:00,3347.33,3348.14,3346.75,3347.81,764
2025-07-03 06:45:00,3347.76,3347.96,3345.47,3347.43,889
2025-07-03 07:00:00,3347.46,3349.31,3347.42,3349.05,849
2025-07-03 07:15:00,3349.04,3350.49,3348.87,3349.29,799
2025-07-03 07:30:00,3349.29,3349.73,3348.71,3349.19,768
2025-07-03 07:45:00,3349.24,3351.81,3349.01,3350.73,1472
2025-07-03 08:00:00,3350.75,3352.72,3350.05,3352.58,987
2025-07-03 08:15:00,3352.61,3354.13,3352.53,3352.69,1207
2025-07-03 08:30:00,3352.69,3353.44,3351.02,3352.66,2108
2025-07-03 08:45:00,3352.66,3360.48,3352.51,3359.43,2933
2025-07-03 09:00:00,3359.45,3363.64,3358.31,3358.68,2740
2025-07-03 09:15:00,3358.67,3360.85,3356.98,3360.02,1776
2025-07-03 09:30:00,3360.05,3360.6,3356.54,3356.68,1715
2025-07-03 09:45:00,3356.66,3361.99,3356.48,3361.84,1868
2025-07-03 10:00:00,3361.85,3363.0,3356.93,3357.26,2032
2025-07-03 10:15:00,3357.26,3358.25,3354.23,3356.23,1703
2025-07-03 10:30:00,3356.23,3359.3,3355.06,3355.51,1982
2025-07-03 10:45:00,3355.41,3355.86,3352.55,3353.06,2106
2025-07-03 11:00:00,3353.06,3353.77,3352.51,3353.34,1754
2025-07-03 11:15:00,3353.35,3355.26,3351.67,3355.12,1715
2025-07-03 11:30:00,3355.12,3358.0,3353.77,3357.42,1714
2025-07-03 11:45:00,3357.43,3358.27,3355.8,3356.14,1384
2025-07-03 12:00:00,3356.15,3356.33,3352.5,3353.11,1544
2025-07-03 12:15:00,3353.09,3353.51,3349.88,3350.42,1946
2025-07-03 12:30:00,3350.42,3350.97,3344.69,3344.81,2576
2025-07-03 12:45:00,3345.03,3347.34,3343.74,3345.64,2152
2025-07-03 13:00:00,3345.7,3347.25,3344.82,3346.33,1651
2025-07-03 13:15:00,3346.32,3349.62,3346.1,3349.48,1372
2025-07-03 13:30:00,3349.47,3353.79,3349.03,3353.4,1534
2025-07-03 13:45:00,3353.39,3355.42,3352.82,3353.22,1927
2025-07-03 14:00:00,3353.21,3353.79,3347.83,3347.83,2118
2025-07-03 14:15:00,3347.83,3348.86,3346.98,3347.91,1507
2025-07-03 14:30:00,3347.91,3348.09,3344.72,3345.93,1562
2025-07-03 14:45:00,3346.02,3346.67,3343.02,3345.77,1973
2025-07-03 15:00:00,3345.81,3348.2,3342.96,3347.85,2326
2025-07-03 15:15:00,3347.86,3352.41,3347.72,3347.79,2780
2025-07-03 15:30:00,3347.75,3347.97,3311.45,3312.16,7465
2025-07-03 15:45:00,3312.2,3325.57,3311.59,3324.37,6031
2025-07-03 16:00:00,3324.24,3330.6,3322.05,3328.05,5606
2025-07-03 16:15:00,3328.06,3334.09,3327.12,3332.13,4291
2025-07-03 16:30:00,3332.28,3338.45,3330.4,3337.25,4901
2025-07-03 16:45:00,3337.24,3337.3,3331.52,3331.62,3479
2025-07-03 17:00:00,3331.11,3334.63,3326.34,3331.3,4669
2025-07-03 17:15:00,3331.29,3332.15,3323.46,3327.61,4043
2025-07-03 17:30:00,3327.59,3331.29,3325.75,3326.17,3339
2025-07-03 17:45:00,3326.16,3329.17,3323.61,3324.65,2844
2025-07-03 18:00:00,3324.63,3328.75,3322.94,3327.32,2941
2025-07-03 18:15:00,3327.31,3331.37,3327.28,3329.21,2576
2025-07-03 18:30:00,3329.19,3330.0,3326.82,3327.7,2093
2025-07-03 18:45:00,3327.7,3328.43,3326.39,3328.09,1903
2025-07-03 19:00:00,3328.09,3328.6,3326.44,3326.67,1684
2025-07-03 19:15:00,3326.75,3328.52,3325.65,3328.52,1773
2025-07-03 19:30:00,3328.51,3332.65,3328.49,3332.15,2097
2025-07-03 19:45:00,3332.17,3334.64,3332.04,3333.88,2391
2025-07-03 20:00:00,3333.91,3334.84,3332.8,3333.42,1309
2025-07-03 20:15:00,3333.42,3334.0,3332.32,3332.51,1199
2025-07-03 20:30:00,3332.48,3332.64,3328.94,3330.29,1171
2025-07-03 20:45:00,3330.25,3330.54,3328.85,3329.07,606
2025-07-03 21:00:00,3329.07,3329.1,3328.06,3328.27,421
2025-07-03 21:15:00,3328.27,3329.33,3327.89,3329.1,493
2025-07-03 21:30:00,3329.06,3329.36,3328.4,3328.78,412
2025-07-03 21:45:00,3328.78,3330.18,3328.78,3329.09,536
2025-07-03 22:00:00,3328.98,3329.2,3326.98,3328.06,584
2025-07-03 22:15:00,3328.06,3329.03,3327.98,3328.67,373
2025-07-03 22:30:00,3328.67,3329.44,3328.37,3328.89,417
2025-07-03 22:45:00,3328.89,3328.98,3328.26,3328.66,528
2025-07-03 23:00:00,3328.63,3328.83,3326.56,3326.71,463
2025-07-03 23:15:00,3326.71,3327.28,3325.82,3326.72,407
2025-07-03 23:30:00,3326.68,3327.32,3326.16,3327.13,348
2025-07-03 23:45:00,3327.13,3327.13,3325.32,3325.33,339
2025-07-04 01:00:00,3326.14,3326.39,3323.53,3324.35,622
2025-07-04 01:15:00,3324.36,3325.31,3323.93,3324.95,453
2025-07-04 01:30:00,3324.96,3327.8,3324.96,3327.6,583
2025-07-04 01:45:00,3327.62,3329.53,3326.95,3329.01,711
2025-07-04 02:00:00,3329.02,3330.33,3328.43,3330.33,775
2025-07-04 02:15:00,3330.34,3331.36,3329.09,3330.48,673
2025-07-04 02:30:00,3330.43,3331.87,3329.34,3331.76,1247
2025-07-04 02:45:00,3331.8,3331.9,3329.37,3330.86,909
2025-07-04 03:00:00,3330.77,3330.97,3326.11,3326.34,1380
2025-07-04 03:15:00,3326.09,3329.11,3325.77,3328.35,1183
2025-07-04 03:30:00,3328.35,3329.47,3327.93,3328.78,966
2025-07-04 03:45:00,3328.78,3330.7,3328.43,3328.96,921
2025-07-04 04:00:00,3328.96,3329.68,3326.37,3329.44,1628
2025-07-04 04:15:00,3329.51,3334.24,3329.41,3332.39,1852
2025-07-04 04:30:00,3332.4,3332.62,3328.06,3331.12,1632
2025-07-04 04:45:00,3331.15,3332.04,3329.1,3330.0,1466
2025-07-04 05:00:00,3329.84,3331.22,3328.73,3330.4,1380
2025-07-04 05:15:00,3330.4,3331.88,3329.52,3331.56,1165
2025-07-04 05:30:00,3331.59,3332.27,3328.81,3329.89,1441
2025-07-04 05:45:00,3329.94,3330.11,3327.07,3327.3,1594
2025-07-04 06:00:00,3327.25,3329.42,3326.03,3329.42,1277
2025-07-04 06:15:00,3329.38,3332.92,3329.05,3332.78,1554
2025-07-04 06:30:00,3332.78,3337.96,3332.78,3337.72,1583
2025-07-04 06:45:00,3337.79,3338.87,3336.84,3338.33,1359
2025-07-04 07:00:00,3338.21,3340.25,3337.87,3340.05,1398
2025-07-04 07:15:00,3340.05,3342.1,3339.86,3340.75,1324
2025-07-04 07:30:00,3340.75,3341.82,3340.1,3341.33,1086
2025-07-04 07:45:00,3341.34,3341.58,3339.26,3340.89,961
2025-07-04 08:00:00,3340.91,3342.19,3340.82,3341.64,745
2025-07-04 08:15:00,3341.5,3341.94,3339.99,3339.99,779
2025-07-04 08:30:00,3340.05,3340.58,3338.42,3339.19,1929
2025-07-04 08:45:00,3339.26,3340.5,3338.68,3339.47,1252
2025-07-04 09:00:00,3339.53,3344.7,3339.15,3341.62,2759
2025-07-04 09:15:00,3341.61,3345.0,3341.32,3344.06,1972
2025-07-04 09:30:00,3344.03,3344.03,3341.89,3342.27,1309
2025-07-04 09:45:00,3342.31,3342.96,3341.78,3342.73,1420
2025-07-04 10:00:00,3342.57,3343.58,3337.73,3338.85,1918
2025-07-04 10:15:00,3338.59,3340.11,3336.44,3337.38,2050
2025-07-04 10:30:00,3337.34,3342.36,3337.12,3341.49,1806
2025-07-04 10:45:00,3341.56,3343.24,3340.83,3342.86,1324
2025-07-04 11:00:00,3342.86,3344.05,3340.89,3341.84,1606
2025-07-04 11:15:00,3341.8,3344.25,3341.79,3342.93,1619
2025-07-04 11:30:00,3342.93,3344.21,3341.78,3342.99,1175
2025-07-04 11:45:00,3342.99,3343.84,3341.6,3342.78,1047
2025-07-04 12:00:00,3342.77,3343.01,3339.42,3339.89,1170
2025-07-04 12:15:00,3339.89,3342.18,3338.1,3338.15,1422
2025-07-04 12:30:00,3338.13,3338.59,3332.9,3334.27,2493
2025-07-04 12:45:00,3334.25,3336.86,3333.86,3334.52,1367
2025-07-04 13:00:00,3334.45,3335.88,3334.04,3335.0,978
2025-07-04 13:15:00,3335.0,3336.27,3333.31,3334.37,1354
2025-07-04 13:30:00,3334.37,3335.97,3331.53,3334.47,1541
2025-07-04 13:45:00,3334.42,3338.13,3334.2,3336.75,1430
2025-07-04 14:00:00,3336.75,3337.01,3335.12,3335.72,1104
2025-07-04 14:15:00,3335.72,3337.4,3335.2,3337.24,1146
2025-07-04 14:30:00,3337.31,3337.85,3336.23,3336.6,743
2025-07-04 14:45:00,3336.6,3337.16,3334.33,3334.61,1001
2025-07-04 15:00:00,3334.58,3337.69,3333.73,3336.46,1484
2025-07-04 15:15:00,3336.46,3337.2,3334.1,3335.18,1489
2025-07-04 15:30:00,3335.18,3337.01,3332.06,3332.91,1548
2025-07-04 15:45:00,3332.89,3335.06,3331.39,3333.91,1629
2025-07-04 16:00:00,3333.79,3335.7,3332.28,3333.75,1858
2025-07-04 16:15:00,3333.76,3334.93,3333.21,3334.1,1300
2025-07-04 16:30:00,3334.3,3337.69,3333.79,3337.68,1572
2025-07-04 16:45:00,3337.69,3338.0,3333.5,3333.77,2296
2025-07-04 17:00:00,3333.7,3334.03,3331.55,3331.59,2167
2025-07-04 17:15:00,3331.52,3334.21,3331.41,3333.85,1353
2025-07-04 17:30:00,3333.62,3334.11,3330.97,3331.57,1284
2025-07-04 17:45:00,3331.56,3333.8,3330.92,3333.17,1197
2025-07-04 18:00:00,3333.17,3333.81,3331.5,3332.88,1129
2025-07-04 18:15:00,3332.93,3333.2,3331.89,3332.3,756
2025-07-04 18:30:00,3332.38,3333.02,3330.71,3332.87,831
2025-07-04 18:45:00,3332.79,3333.27,3331.86,3332.34,785
2025-07-04 19:00:00,3332.2,3333.58,3332.08,3332.94,859
2025-07-04 19:15:00,3332.95,3334.17,3332.74,3333.7,815
2025-07-04 19:30:00,3333.72,3335.84,3333.72,3334.85,842
2025-07-04 19:45:00,3334.97,3334.97,3334.97,3334.97,1
2025-07-04 20:30:00,3334.97,3334.97,3334.97,3334.97,15
2025-07-04 20:45:00,3334.97,3334.97,3334.97,3334.97,15
2025-07-04 21:00:00,3334.97,3334.97,3334.97,3334.97,14
2025-07-04 21:15:00,3334.97,3334.97,3334.97,3334.97,13
2025-07-04 21:30:00,3334.97,3334.97,3334.97,3334.97,15
2025-07-04 21:45:00,3334.97,3334.97,3334.97,3334.97,14
2025-07-04 22:00:00,3334.97,3334.97,3334.97,3334.97,14
2025-07-04 22:15:00,3334.97,3334.97,3334.97,3334.97,15
2025-07-04 22:30:00,3334.97,3334.97,3334.97,3334.97,11
2025-07-04 22:45:00,3334.97,3334.97,3334.97,3334.97,12
2025-07-04 23:00:00,3334.97,3334.97,3334.97,3334.97,13
2025-07-04 23:15:00,3334.97,3334.97,3334.97,3334.97,11
2025-07-04 23:30:00,3334.97,3334.97,3334.97,3334.97,14
2025-07-04 23:45:00,3334.97,3334.97,3334.97,3334.97,5
2025-07-07 01:00:00,3337.02,3342.3,3335.78,3338.19,1592
2025-07-07 01:15:00,3338.21,3338.21,3333.13,3333.67,1242
2025-07-07 01:30:00,3333.39,3336.17,3333.39,3334.51,1070
2025-07-07 01:45:00,3334.5,3334.65,3332.43,3333.59,812
2025-07-07 02:00:00,3333.44,3334.53,3330.74,3331.29,1164
2025-07-07 02:15:00,3331.3,3331.51,3329.07,3330.71,1302
2025-07-07 02:30:00,3330.47,3330.58,3326.69,3327.87,1378
2025-07-07 02:45:00,3327.88,3328.96,3326.26,3328.92,1597
2025-07-07 03:00:00,3328.93,3329.64,3322.98,3325.25,2334
2025-07-07 03:15:00,3325.19,3326.21,3322.4,3323.84,1754
2025-07-07 03:30:00,3323.85,3325.3,3321.69,3325.02,1909
2025-07-07 03:45:00,3325.02,3326.49,3323.95,3326.49,1979
2025-07-07 04:00:00,3326.36,3327.64,3310.49,3310.91,4637
2025-07-07 04:15:00,3311.02,3314.29,3306.59,3312.09,3756
2025-07-07 04:30:00,3312.1,3318.82,3311.85,3316.99,2666
2025-07-07 04:45:00,3316.99,3320.09,3315.82,3316.62,2080
2025-07-07 05:00:00,3316.97,3317.74,3312.46,3315.1,2183
2025-07-07 05:15:00,3315.05,3316.26,3312.78,3314.61,1504
2025-07-07 05:30:00,3314.6,3315.43,3308.12,3309.31,2467
2025-07-07 05:45:00,3309.6,3310.01,3305.97,3308.69,2175
2025-07-07 06:00:00,3308.71,3312.87,3306.99,3312.09,2195
2025-07-07 06:15:00,3312.09,3315.13,3311.41,3313.04,2003
2025-07-07 06:30:00,3312.92,3314.05,3309.71,3310.25,1878
2025-07-07 06:45:00,3310.24,3311.47,3309.79,3310.91,1011
2025-07-07 07:00:00,3310.98,3312.35,3308.85,3311.4,1696
2025-07-07 07:15:00,3311.41,3312.34,3305.19,3307.53,1886
2025-07-07 07:30:00,3307.37,3309.36,3305.23,3305.43,1978
2025-07-07 07:45:00,3305.42,3308.7,3305.38,3307.83,1467
2025-07-07 08:00:00,3307.83,3311.65,3306.83,3311.25,1796
2025-07-07 08:15:00,3311.25,3312.27,3307.59,3309.18,2106
2025-07-07 08:30:00,3309.55,3313.36,3307.83,3310.58,2577
2025-07-07 08:45:00,3310.59,3315.04,3310.49,3313.11,1897
2025-07-07 09:00:00,3313.12,3315.33,3311.67,3314.45,2373
2025-07-07 09:15:00,3314.47,3314.5,3309.45,3312.06,2293
2025-07-07 09:30:00,3312.05,3312.57,3308.35,3311.92,2896
2025-07-07 09:45:00,3311.93,3312.15,3309.04,3310.0,1910
2025-07-07 10:00:00,3310.13,3313.19,3305.78,3311.01,2473
2025-07-07 10:15:00,3310.91,3312.65,3308.92,3311.97,1638
2025-07-07 10:30:00,3311.91,3311.94,3306.72,3306.73,1866
2025-07-07 10:45:00,3306.58,3306.61,3300.54,3302.1,2718
2025-07-07 11:00:00,3302.36,3306.94,3301.21,3306.93,2642
2025-07-07 11:15:00,3307.0,3310.51,3306.56,3310.46,2287
2025-07-07 11:30:00,3310.61,3312.76,3309.71,3310.36,2057
2025-07-07 11:45:00,3310.37,3310.99,3308.34,3310.06,1626
2025-07-07 12:00:00,3310.08,3311.77,3309.53,3310.06,1890
2025-07-07 12:15:00,3310.07,3310.57,3307.51,3307.52,1509
2025-07-07 12:30:00,3307.52,3309.63,3306.15,3309.05,2146
2025-07-07 12:45:00,3309.05,3310.57,3307.58,3308.86,2043
2025-07-07 13:00:00,3308.89,3310.13,3307.81,3309.67,1499
2025-07-07 13:15:00,3309.67,3310.64,3307.96,3308.32,1907
2025-07-07 13:30:00,3308.32,3308.77,3297.36,3298.44,3192
2025-07-07 13:45:00,3298.24,3304.08,3296.33,3302.08,3150
2025-07-07 14:00:00,3302.18,3307.42,3299.84,3304.61,3102
2025-07-07 14:15:00,3304.6,3305.33,3301.43,3302.22,1849
2025-07-07 14:30:00,3302.22,3303.03,3299.77,3300.93,2308
2025-07-07 14:45:00,3300.93,3305.87,3300.41,3302.1,2928
2025-07-07 15:00:00,3302.13,3304.65,3301.66,3302.89,2305
2025-07-07 15:15:00,3302.86,3307.91,3300.58,3302.75,3924
2025-07-07 15:30:00,3302.45,3310.63,3302.1,3307.94,3420
2025-07-07 15:45:00,3307.93,3312.71,3307.79,3309.58,3185
2025-07-07 16:00:00,3309.6,3311.17,3306.59,3307.35,2764
2025-07-07 16:15:00,3307.33,3312.44,3307.1,3311.75,2568
2025-07-07 16:30:00,3311.74,3312.2,3306.11,3311.42,4442
2025-07-07 16:45:00,3311.42,3317.09,3310.22,3316.83,4311
2025-07-07 17:00:00,3316.86,3318.63,3313.25,3316.93,3626
2025-07-07 17:15:00,3316.85,3319.08,3314.22,3314.74,2961
2025-07-07 17:30:00,3314.73,3319.74,3314.45,3319.43,2534
2025-07-07 17:45:00,3319.35,3321.3,3317.66,3317.84,2615
2025-07-07 18:00:00,3317.93,3319.59,3316.17,3318.76,1962
2025-07-07 18:15:00,3318.76,3320.03,3317.27,3318.69,1747
2025-07-07 18:30:00,3318.73,3321.4,3318.68,3320.98,1939
2025-07-07 18:45:00,3320.97,3321.94,3320.4,3320.79,1680
2025-07-07 19:00:00,3320.8,3322.89,3320.08,3322.68,1640
2025-07-07 19:15:00,3322.64,3326.81,3321.3,3324.9,3826
2025-07-07 19:30:00,3324.9,3327.6,3323.71,3326.27,3042
2025-07-07 19:45:00,3326.27,3328.0,3325.41,3327.49,2704
2025-07-07 20:00:00,3327.49,3332.48,3327.32,3331.12,3206
2025-07-07 20:15:00,3331.07,3333.73,3331.03,3332.33,2781
2025-07-07 20:30:00,3332.33,3335.73,3330.47,3333.56,3207
2025-07-07 20:45:00,3333.39,3333.87,3331.9,3331.92,1853
2025-07-07 21:00:00,3331.91,3332.34,3328.85,3330.17,2275
2025-07-07 21:15:00,3330.17,3330.79,3328.43,3330.21,2446
2025-07-07 21:30:00,3330.21,3334.92,3330.12,3334.83,1914
2025-07-07 21:45:00,3334.73,3335.61,3332.96,3334.35,1717
2025-07-07 22:00:00,3334.19,3338.25,3334.09,3337.97,2002
2025-07-07 22:15:00,3337.97,3338.87,3336.37,3338.25,1616
2025-07-07 22:30:00,3338.27,3340.15,3337.25,3339.64,1740
2025-07-07 22:45:00,3339.65,3340.26,3336.48,3337.19,1955
2025-07-07 23:00:00,3337.18,3337.3,3335.36,3336.69,1044
2025-07-07 23:15:00,3336.76,3337.28,3335.89,3336.32,771
2025-07-07 23:30:00,3336.34,3336.68,3335.59,3336.08,541
2025-07-07 23:45:00,3336.11,3337.73,3336.11,3337.19,435
2025-07-08 01:00:00,3339.22,3344.91,3339.11,3344.21,1124
2025-07-08 01:15:00,3344.21,3345.8,3341.14,3342.06,1114
2025-07-08 01:30:00,3342.06,3342.73,3339.56,3339.64,834
2025-07-08 01:45:00,3339.64,3340.88,3338.89,3339.76,736
2025-07-08 02:00:00,3339.77,3340.03,3335.2,3337.19,1146
2025-07-08 02:15:00,3337.19,3337.54,3334.0,3336.19,899
2025-07-08 02:30:00,3336.18,3337.31,3335.55,3336.66,707
2025-07-08 02:45:00,3336.67,3336.83,3333.79,3334.57,1418
2025-07-08 03:00:00,3334.64,3337.16,3332.96,3336.23,2177
2025-07-08 03:15:00,3336.23,3337.21,3331.69,3332.71,2273
2025-07-08 03:30:00,3332.78,3333.89,3331.11,3333.58,2121
2025-07-08 03:45:00,3333.57,3335.3,3332.86,3334.25,1456
2025-07-08 04:00:00,3334.25,3335.49,3329.59,3331.48,2794
2025-07-08 04:15:00,3331.53,3335.26,3330.38,3333.92,1960
2025-07-08 04:30:00,3333.92,3336.91,3332.25,3334.61,2311
2025-07-08 04:45:00,3334.61,3336.29,3332.37,3334.72,2291
2025-07-08 05:00:00,3334.68,3336.27,3332.66,3334.04,2121
2025-07-08 05:15:00,3334.04,3336.22,3333.6,3335.97,1465
2025-07-08 05:30:00,3335.98,3336.22,3333.49,3335.58,1512
2025-07-08 05:45:00,3335.58,3337.98,3333.71,3334.29,1788
2025-07-08 06:00:00,3334.29,3335.46,3331.09,3332.14,1486
2025-07-08 06:15:00,3332.15,3332.17,3329.5,3331.62,1497
2025-07-08 06:30:00,3331.63,3332.04,3330.64,3330.79,791
2025-07-08 06:45:00,3330.79,3333.11,3330.57,3331.35,1161
2025-07-08 07:00:00,3331.24,3332.79,3329.88,3330.99,948
2025-07-08 07:15:00,3331.0,3331.39,3329.44,3329.77,798
2025-07-08 07:30:00,3329.74,3331.4,3329.19,3330.55,1561
2025-07-08 07:45:00,3330.55,3330.71,3327.45,3329.61,1335
2025-07-08 08:00:00,3329.61,3333.64,3329.54,3333.64,1325
2025-07-08 08:15:00,3333.71,3336.53,3333.44,3335.7,1390
2025-07-08 08:30:00,3335.7,3336.51,3334.26,3334.49,1623
2025-07-08 08:45:00,3334.53,3336.07,3333.36,3333.98,1634
2025-07-08 09:00:00,3333.98,3335.04,3331.14,3332.14,1981
2025-07-08 09:15:00,3332.14,3334.95,3330.76,3334.58,1629
2025-07-08 09:30:00,3334.68,3334.96,3333.28,3334.13,1216
2025-07-08 09:45:00,3334.09,3336.19,3332.46,3336.19,1495
2025-07-08 10:00:00,3336.18,3339.32,3335.7,3337.84,2184
2025-07-08 10:15:00,3337.79,3338.31,3332.66,3333.12,1716
2025-07-08 10:30:00,3333.11,3333.61,3330.49,3332.66,1669
2025-07-08 10:45:00,3332.65,3335.51,3332.06,3333.86,1946
2025-07-08 11:00:00,3333.81,3333.81,3326.05,3327.83,3097
2025-07-08 11:15:00,3327.85,3328.92,3324.41,3328.53,2429
2025-07-08 11:30:00,3328.6,3329.61,3325.6,3326.46,2134
2025-07-08 11:45:00,3326.45,3327.03,3323.21,3323.61,2136
2025-07-08 12:00:00,3323.59,3325.49,3322.87,3324.35,1801
2025-07-08 12:15:00,3324.32,3326.69,3322.97,3324.65,1913
2025-07-08 12:30:00,3324.73,3326.28,3321.64,3324.17,1872
2025-07-08 12:45:00,3324.1,3324.8,3321.12,3322.09,1851
2025-07-08 13:00:00,3322.1,3324.85,3321.88,3323.92,1394
2025-07-08 13:15:00,3323.91,3324.13,3320.45,3323.4,1517
2025-07-08 13:30:00,3323.52,3326.19,3322.67,3325.65,1326
2025-07-08 13:45:00,3325.63,3327.06,3324.56,3324.68,1234
2025-07-08 14:00:00,3324.69,3325.5,3323.37,3324.09,1227
2025-07-08 14:15:00,3324.09,3327.45,3323.16,3324.77,1496
2025-07-08 14:30:00,3324.7,3326.0,3319.93,3320.99,1753
2025-07-08 14:45:00,3321.01,3325.18,3320.44,3325.03,1993
2025-07-08 15:00:00,3324.92,3329.53,3324.75,3329.3,2539
2025-07-08 15:15:00,3329.21,3329.66,3325.13,3327.19,2242
2025-07-08 15:30:00,3327.16,3329.81,3326.08,3326.1,1822
2025-07-08 15:45:00,3326.09,3328.77,3325.76,3328.11,1702
2025-07-08 16:00:00,3328.14,3328.58,3320.1,3321.95,3245
2025-07-08 16:15:00,3321.74,3326.06,3318.83,3325.38,3281
2025-07-08 16:30:00,3325.43,3326.92,3321.01,3321.58,4201
2025-07-08 16:45:00,3321.55,3322.41,3314.59,3314.92,4811
2025-07-08 17:00:00,3314.93,3315.76,3305.09,3306.1,4992
2025-07-08 17:15:00,3306.09,3307.53,3300.8,3304.97,5018
2025-07-08 17:30:00,3304.93,3304.93,3295.03,3297.68,4867
2025-07-08 17:45:00,3297.67,3299.54,3294.22,3296.63,4641
2025-07-08 18:00:00,3296.64,3298.39,3287.05,3291.3,4985
2025-07-08 18:15:00,3291.29,3297.32,3289.0,3296.49,3999
2025-07-08 18:30:00,3296.49,3297.89,3294.72,3297.09,3087
2025-07-08 18:45:00,3296.99,3300.18,3296.97,3298.08,2603
2025-07-08 19:00:00,3298.17,3299.34,3296.64,3297.4,2406
2025-07-08 19:15:00,3297.41,3301.32,3296.41,3299.89,2506
2025-07-08 19:30:00,3299.86,3300.03,3295.85,3298.01,2764
2025-07-08 19:45:00,3298.01,3301.58,3296.09,3300.5,3426
2025-07-08 20:00:00,3300.52,3306.85,3299.34,3304.05,4612
2025-07-08 20:15:00,3304.09,3310.2,3303.52,3307.97,4075
2025-07-08 20:30:00,3308.01,3308.82,3305.85,3306.2,2872
2025-07-08 20:45:00,3306.25,3307.68,3304.51,3306.31,2588
2025-07-08 21:00:00,3306.29,3308.12,3304.87,3304.87,2122
2025-07-08 21:15:00,3304.86,3306.26,3300.68,3301.75,2432
2025-07-08 21:30:00,3301.74,3305.29,3300.65,3304.7,2120
2025-07-08 21:45:00,3304.66,3306.75,3304.64,3305.4,1763
2025-07-08 22:00:00,3305.42,3306.13,3302.9,3303.99,1435
2025-07-08 22:15:00,3303.99,3304.39,3303.19,3303.36,1400
2025-07-08 22:30:00,3303.35,3305.08,3303.33,3305.03,1380
2025-07-08 22:45:00,3305.02,3305.78,3302.42,3302.93,2011
2025-07-08 23:00:00,3302.56,3303.64,3301.35,3303.45,950
2025-07-08 23:15:00,3303.51,3303.53,3302.03,3302.06,639
2025-07-08 23:30:00,3302.2,3302.81,3300.82,3301.57,701
2025-07-08 23:45:00,3301.57,3301.7,3299.19,3300.44,706
2025-07-09 01:00:00,3302.6,3304.03,3302.14,3303.59,635
2025-07-09 01:15:00,3303.59,3303.98,3300.57,3301.83,988
2025-07-09 01:30:00,3301.83,3302.88,3300.99,3301.92,915
2025-07-09 01:45:00,3301.82,3302.22,3300.38,3301.61,765
2025-07-09 02:00:00,3301.61,3303.57,3300.94,3303.2,1172
2025-07-09 02:15:00,3303.21,3303.84,3301.46,3301.48,977
2025-07-09 02:30:00,3301.31,3301.4,3297.16,3298.13,1466
2025-07-09 02:45:00,3298.14,3302.62,3297.36,3302.39,1589
2025-07-09 03:00:00,3302.48,3307.87,3301.75,3304.95,2491
2025-07-09 03:15:00,3304.95,3306.33,3303.23,3304.65,1414
2025-07-09 03:30:00,3304.65,3306.38,3304.12,3305.66,1188
2025-07-09 03:45:00,3305.65,3307.09,3304.97,3307.09,1049
2025-07-09 04:00:00,3307.09,3307.09,3301.12,3302.88,2292
2025-07-09 04:15:00,3302.88,3307.02,3302.3,3306.07,1892
2025-07-09 04:30:00,3306.11,3307.21,3303.16,3303.23,1692
2025-07-09 04:45:00,3303.22,3303.4,3299.25,3301.85,2217
2025-07-09 05:00:00,3301.8,3302.8,3299.47,3301.18,1970
2025-07-09 05:15:00,3301.16,3302.93,3298.76,3302.77,1651
2025-07-09 05:30:00,3302.72,3303.09,3293.96,3294.19,2375
2025-07-09 05:45:00,3294.19,3294.19,3286.28,3288.45,3555
2025-07-09 06:00:00,3288.45,3293.38,3284.89,3293.13,2961
2025-07-09 06:15:00,3293.2,3294.2,3289.87,3292.18,2056
2025-07-09 06:30:00,3292.16,3293.57,3289.84,3293.16,1268
2025-07-09 06:45:00,3293.16,3294.68,3292.85,3293.16,979
2025-07-09 07:00:00,3293.15,3295.71,3291.04,3295.41,1499
2025-07-09 07:15:00,3295.41,3295.9,3294.58,3295.52,821
2025-07-09 07:30:00,3295.48,3296.25,3294.44,3295.68,1106
2025-07-09 07:45:00,3295.55,3296.31,3293.81,3293.85,1031
2025-07-09 08:00:00,3293.84,3297.74,3292.28,3296.4,1681
2025-07-09 08:15:00,3296.4,3296.88,3291.7,3292.26,1315
2025-07-09 08:30:00,3292.47,3294.06,3290.25,3293.15,2302
2025-07-09 08:45:00,3293.06,3293.47,3288.96,3289.6,1889
2025-07-09 09:00:00,3289.59,3291.27,3287.48,3288.01,2118
2025-07-09 09:15:00,3288.1,3289.72,3285.78,3287.46,2141
2025-07-09 09:30:00,3287.46,3291.62,3285.49,3289.23,2357
2025-07-09 09:45:00,3289.08,3292.83,3288.86,3292.35,1859
2025-07-09 10:00:00,3292.35,3293.72,3290.03,3291.73,1880
2025-07-09 10:15:00,3291.87,3294.15,3290.58,3290.69,2032
2025-07-09 10:30:00,3290.69,3293.86,3288.25,3291.94,2319
2025-07-09 10:45:00,3291.97,3295.93,3290.48,3291.78,2620
2025-07-09 11:00:00,3291.87,3292.6,3288.44,3289.06,2201
2025-07-09 11:15:00,3289.12,3289.51,3284.36,3285.92,2587
2025-07-09 11:30:00,3285.88,3287.05,3282.66,3287.05,2351
2025-07-09 11:45:00,3287.05,3289.6,3284.46,3284.97,2101
2025-07-09 12:00:00,3284.89,3288.87,3284.34,3288.37,1971
2025-07-09 12:15:00,3288.39,3290.22,3288.04,3288.04,1556
2025-07-09 12:30:00,3287.97,3290.4,3287.78,3288.76,1322
2025-07-09 12:45:00,3288.76,3289.74,3287.45,3289.06,1391
2025-07-09 13:00:00,3289.23,3292.07,3289.12,3289.44,1468
2025-07-09 13:15:00,3289.26,3290.97,3288.22,3290.22,1277
2025-07-09 13:30:00,3290.22,3295.46,3290.22,3294.73,1658
2025-07-09 13:45:00,3294.62,3295.88,3293.71,3295.49,1344
2025-07-09 14:00:00,3295.49,3295.94,3293.15,3293.15,1454
2025-07-09 14:15:00,3293.17,3293.36,3287.7,3287.72,1961
2025-07-09 14:30:00,3287.72,3289.21,3285.25,3286.32,2029
2025-07-09 14:45:00,3286.32,3286.58,3283.15,3284.91,1741
2025-07-09 15:00:00,3284.95,3291.61,3284.95,3291.48,2516
2025-07-09 15:15:00,3291.49,3293.18,3287.99,3290.83,2641
2025-07-09 15:30:00,3290.82,3295.55,3290.72,3293.45,2416
2025-07-09 15:45:00,3293.41,3297.42,3292.87,3296.37,2063
2025-07-09 16:00:00,3296.27,3299.01,3294.56,3297.94,3004
2025-07-09 16:15:00,3297.92,3299.39,3294.53,3295.54,2393
2025-07-09 16:30:00,3295.99,3299.06,3291.86,3296.08,4276
2025-07-09 16:45:00,3296.06,3305.19,3293.21,3300.12,4436
2025-07-09 17:00:00,3300.19,3306.49,3299.62,3305.88,3469
2025-07-09 17:15:00,3305.88,3308.92,3304.99,3307.17,3756
2025-07-09 17:30:00,3307.12,3312.34,3306.76,3310.52,3402
2025-07-09 17:45:00,3310.53,3312.82,3308.93,3312.3,2787
2025-07-09 18:00:00,3312.3,3312.87,3307.48,3308.05,2762
2025-07-09 18:15:00,3307.98,3310.03,3307.15,3308.49,2220
2025-07-09 18:30:00,3308.49,3309.87,3306.31,3309.02,2169
2025-07-09 18:45:00,3309.02,3310.61,3307.08,3309.51,1882
2025-07-09 19:00:00,3309.51,3311.83,3307.89,3310.88,1948
2025-07-09 19:15:00,3310.93,3312.05,3310.33,3311.41,1636
2025-07-09 19:30:00,3311.41,3312.73,3310.97,3311.22,1563
2025-07-09 19:45:00,3311.2,3313.17,3311.06,3311.73,1698
2025-07-09 20:00:00,3311.73,3314.5,3309.68,3314.12,2143
2025-07-09 20:15:00,3314.13,3314.27,3311.48,3312.39,1944
2025-07-09 20:30:00,3312.39,3312.94,3309.94,3310.55,2181
2025-07-09 20:45:00,3310.55,3311.45,3308.15,3309.69,1613
2025-07-09 21:00:00,3309.69,3311.2,3308.02,3310.54,1892
2025-07-09 21:15:00,3310.54,3313.69,3310.41,3311.67,1839
2025-07-09 21:30:00,3311.7,3312.48,3310.36,3311.16,1346
2025-07-09 21:45:00,3311.15,3313.48,3310.21,3311.36,1724
2025-07-09 22:00:00,3311.39,3316.21,3310.95,3316.08,1844
2025-07-09 22:15:00,3316.06,3316.77,3314.09,3314.4,1481
2025-07-09 22:30:00,3314.41,3316.68,3314.33,3315.81,1506
2025-07-09 22:45:00,3315.82,3315.85,3313.87,3315.75,1759
2025-07-09 23:00:00,3315.85,3315.85,3312.65,3313.68,843
2025-07-09 23:15:00,3313.68,3313.82,3312.1,3312.77,708
2025-07-09 23:30:00,3312.77,3312.94,3311.56,3312.61,605
2025-07-09 23:45:00,3312.6,3314.25,3312.43,3313.71,370
2025-07-10 01:00:00,3313.91,3317.47,3313.55,3317.34,960
2025-07-10 01:15:00,3317.34,3320.8,3317.02,3320.14,1001
2025-07-10 01:30:00,3320.08,3321.0,3319.22,3320.55,740
2025-07-10 01:45:00,3320.54,3320.86,3319.28,3319.53,675
2025-07-10 02:00:00,3319.53,3319.64,3315.68,3317.49,1072
2025-07-10 02:15:00,3317.49,3319.61,3317.01,3317.98,616
2025-07-10 02:30:00,3318.01,3318.63,3316.65,3317.44,623
2025-07-10 02:45:00,3317.44,3317.67,3316.08,3317.53,745
2025-07-10 03:00:00,3317.54,3319.68,3316.56,3318.42,1548
2025-07-10 03:15:00,3318.51,3319.69,3316.66,3319.15,1129
2025-07-10 03:30:00,3319.15,3321.9,3318.99,3321.63,2007
2025-07-10 03:45:00,3321.64,3321.7,3316.77,3317.6,1756
2025-07-10 04:00:00,3317.45,3322.45,3316.18,3320.53,2590
2025-07-10 04:15:00,3320.53,3324.47,3320.52,3324.14,2372
2025-07-10 04:30:00,3324.13,3326.39,3323.59,3324.35,1749
2025-07-10 04:45:00,3324.35,3324.48,3321.72,3322.14,1209
2025-07-10 05:00:00,3322.12,3323.58,3321.14,3321.55,1490
2025-07-10 05:15:00,3321.54,3323.19,3321.09,3322.45,902
2025-07-10 05:30:00,3322.45,3323.24,3319.28,3319.51,1082
2025-07-10 05:45:00,3319.45,3320.24,3318.01,3319.03,1458
2025-07-10 06:00:00,3319.03,3320.08,3317.9,3318.35,1172
2025-07-10 06:15:00,3318.35,3319.6,3316.75,3317.69,1232
2025-07-10 06:30:00,3317.69,3320.08,3316.67,3319.67,1148
2025-07-10 06:45:00,3319.67,3319.9,3315.35,3315.72,1329
2025-07-10 07:00:00,3315.72,3316.8,3314.66,3316.59,906
2025-07-10 07:15:00,3316.6,3317.55,3315.58,3316.04,798
2025-07-10 07:30:00,3316.04,3318.6,3315.74,3318.48,685
2025-07-10 07:45:00,3318.48,3322.45,3318.43,3322.14,1513
2025-07-10 08:00:00,3322.13,3324.13,3322.06,3323.93,1243
2025-07-10 08:15:00,3323.93,3325.03,3322.33,3322.73,1280
2025-07-10 08:30:00,3322.72,3323.96,3320.46,3322.99,1595
2025-07-10 08:45:00,3323.12,3323.73,3320.68,3321.06,1284
2025-07-10 09:00:00,3321.08,3325.41,3320.88,3324.8,1834
2025-07-10 09:15:00,3324.87,3328.58,3323.76,3324.83,2302
2025-07-10 09:30:00,3324.82,3325.87,3323.73,3323.9,1213
2025-07-10 09:45:00,3323.9,3325.3,3323.62,3325.17,1242
2025-07-10 10:00:00,3325.17,3329.47,3325.17,3326.51,2257
2025-07-10 10:15:00,3326.51,3327.98,3325.75,3327.16,1364
2025-07-10 10:30:00,3327.16,3327.83,3322.62,3322.8,1595
2025-07-10 10:45:00,3322.76,3323.15,3319.81,3321.04,1640
2025-07-10 11:00:00,3321.07,3322.4,3319.84,3321.3,1416
2025-07-10 11:15:00,3321.3,3322.02,3320.1,3321.85,1093
2025-07-10 11:30:00,3321.84,3325.66,3321.21,3325.48,1472
2025-07-10 11:45:00,3325.5,3330.07,3325.24,3328.65,1732
2025-07-10 12:00:00,3328.63,3330.25,3327.35,3328.05,1530
2025-07-10 12:15:00,3327.87,3329.71,3326.2,3326.26,1190
2025-07-10 12:30:00,3326.21,3327.05,3323.22,3324.96,1739
2025-07-10 12:45:00,3324.94,3326.51,3324.35,3326.43,1304
2025-07-10 13:00:00,3326.44,3326.78,3322.57,3323.89,1234
2025-07-10 13:15:00,3323.89,3325.43,3322.18,3325.25,1379
2025-07-10 13:30:00,3325.26,3327.31,3323.84,3326.65,1440
2025-07-10 13:45:00,3326.65,3328.77,3325.11,3325.27,2125
2025-07-10 14:00:00,3325.28,3329.29,3325.26,3328.73,2312
2025-07-10 14:15:00,3328.73,3330.25,3327.41,3328.27,1452
2025-07-10 14:30:00,3328.29,3329.05,3324.04,3325.74,1856
2025-07-10 14:45:00,3325.73,3326.09,3318.26,3320.42,2374
2025-07-10 15:00:00,3320.44,3320.45,3317.91,3319.13,1807
2025-07-10 15:15:00,3319.11,3321.98,3317.85,3320.43,2418
2025-07-10 15:30:00,3320.01,3323.97,3318.2,3322.83,2648
2025-07-10 15:45:00,3322.91,3325.96,3321.74,3323.73,2834
2025-07-10 16:00:00,3323.75,3329.28,3323.58,3327.36,4204
2025-07-10 16:15:00,3327.33,3329.31,3322.23,3324.19,3261
2025-07-10 16:30:00,3324.27,3328.2,3320.93,3321.26,4040
2025-07-10 16:45:00,3321.24,3321.56,3311.85,3312.62,4808
2025-07-10 17:00:00,3312.63,3319.44,3310.09,3318.94,4371
2025-07-10 17:15:00,3318.94,3321.52,3313.15,3313.25,3859
2025-07-10 17:30:00,3313.27,3317.7,3312.85,3315.57,2792
2025-07-10 17:45:00,3315.41,3318.79,3314.28,3314.9,2584
2025-07-10 18:00:00,3314.9,3318.54,3314.56,3317.88,2194
2025-07-10 18:15:00,3318.16,3321.5,3317.76,3320.83,2253
2025-07-10 18:30:00,3320.8,3321.23,3318.82,3319.45,2134
2025-07-10 18:45:00,3319.41,3320.9,3318.6,3319.61,1775
2025-07-10 19:00:00,3319.61,3319.92,3318.13,3318.45,1700
2025-07-10 19:15:00,3318.43,3318.7,3316.2,3316.33,1979
2025-07-10 19:30:00,3316.33,3316.33,3312.12,3312.86,2068
2025-07-10 19:45:00,3312.82,3315.15,3312.67,3315.04,1897
2025-07-10 20:00:00,3315.04,3318.32,3314.61,3316.48,1758
2025-07-10 20:15:00,3316.48,3318.5,3316.39,3316.71,1931
2025-07-10 20:30:00,3316.85,3318.47,3316.85,3317.22,1255
2025-07-10 20:45:00,3317.14,3317.9,3316.32,3317.33,1456
2025-07-10 21:00:00,3317.33,3319.07,3317.17,3317.67,1676
2025-07-10 21:15:00,3317.66,3318.15,3316.45,3317.99,1670
2025-07-10 21:30:00,3317.99,3318.46,3316.57,3318.13,1101
2025-07-10 21:45:00,3318.13,3321.76,3318.05,3321.48,1822
2025-07-10 22:00:00,3321.55,3324.82,3321.43,3324.52,1979
2025-07-10 22:15:00,3324.55,3325.89,3324.07,3324.25,1715
2025-07-10 22:30:00,3324.35,3324.56,3322.95,3323.43,1621
2025-07-10 22:45:00,3323.44,3325.43,3323.04,3324.81,1710
2025-07-10 23:00:00,3324.7,3325.25,3323.76,3324.25,791
2025-07-10 23:15:00,3324.22,3324.54,3323.34,3324.24,770
2025-07-10 23:30:00,3324.24,3324.62,3323.61,3324.01,670
2025-07-10 23:45:00,3324.0,3324.44,3323.4,3323.88,372
2025-07-11 01:00:00,3325.1,3326.44,3324.87,3325.26,1002
2025-07-11 01:15:00,3325.25,3325.89,3323.25,3325.43,1115
2025-07-11 01:30:00,3325.5,3325.6,3323.75,3324.5,975
2025-07-11 01:45:00,3324.52,3324.55,3321.84,3323.05,948
2025-07-11 02:00:00,3323.21,3324.52,3323.03,3323.94,474
2025-07-11 02:15:00,3323.94,3324.85,3323.22,3324.5,407
2025-07-11 02:30:00,3324.49,3326.31,3324.35,3326.03,611
2025-07-11 02:45:00,3326.03,3326.36,3323.16,3323.61,1274
2025-07-11 03:00:00,3323.61,3327.37,3323.51,3326.47,1704
2025-07-11 03:15:00,3326.44,3328.0,3325.09,3327.47,2123
2025-07-11 03:30:00,3327.47,3335.91,3327.31,3335.81,3292
2025-07-11 03:45:00,3335.84,3336.06,3329.35,3329.86,3001
2025-07-11 04:00:00,3329.8,3331.45,3325.38,3326.4,4198
2025-07-11 04:15:00,3326.41,3328.51,3325.36,3328.38,2564
2025-07-11 04:30:00,3328.56,3331.23,3328.54,3330.85,2446
2025-07-11 04:45:00,3330.85,3331.11,3328.65,3329.38,1784
2025-07-11 05:00:00,3329.47,3330.83,3326.93,3330.58,2101
2025-07-11 05:15:00,3330.55,3332.65,3329.28,3330.82,1755
2025-07-11 05:30:00,3330.82,3333.79,3329.92,3333.53,1787
2025-07-11 05:45:00,3333.54,3334.89,3332.35,3332.44,1486
2025-07-11 06:00:00,3332.46,3335.55,3332.04,3334.91,1627
2025-07-11 06:15:00,3334.9,3335.97,3334.61,3335.78,1209
2025-07-11 06:30:00,3335.79,3335.92,3332.36,3335.21,1343
2025-07-11 06:45:00,3335.21,3335.68,3333.44,3333.58,820
2025-07-11 07:00:00,3333.58,3335.4,3333.31,3334.93,971
2025-07-11 07:15:00,3334.93,3335.05,3331.51,3331.64,1280
2025-07-11 07:30:00,3331.64,3332.12,3330.05,3330.34,1094
2025-07-11 07:45:00,3330.38,3332.35,3329.59,3331.93,1155
2025-07-11 08:00:00,3331.9,3333.96,3331.9,3333.44,1213
2025-07-11 08:15:00,3333.44,3341.45,3333.11,3340.27,2952
2025-07-11 08:30:00,3340.27,3340.37,3334.96,3334.97,3371
2025-07-11 08:45:00,3334.92,3334.92,3332.14,3334.14,2631
2025-07-11 09:00:00,3334.11,3337.5,3332.7,3337.21,2626
2025-07-11 09:15:00,3337.25,3343.98,3337.21,3342.88,3391
2025-07-11 09:30:00,3342.85,3343.42,3338.31,3339.09,2424
2025-07-11 09:45:00,3339.09,3339.15,3332.05,3332.24,3080
2025-07-11 10:00:00,3332.31,3334.38,3331.13,3333.59,3335
2025-07-11 10:15:00,3333.58,3335.14,3333.03,3334.7,2790
2025-07-11 10:30:00,3334.71,3338.74,3334.28,3338.26,2293
2025-07-11 10:45:00,3338.25,3342.21,3338.18,3341.89,2415
2025-07-11 11:00:00,3341.84,3343.32,3340.74,3342.09,3291
2025-07-11 11:15:00,3342.07,3343.73,3338.56,3338.69,2456
2025-07-11 11:30:00,3338.63,3339.48,3336.19,3338.18,2487
2025-07-11 11:45:00,3338.18,3340.11,3332.81,3333.02,2859
2025-07-11 12:00:00,3333.02,3335.18,3332.76,3334.64,2239
2025-07-11 12:15:00,3334.61,3335.74,3333.45,3333.93,1652
2025-07-11 12:30:00,3333.92,3337.32,3333.86,3335.7,2052
2025-07-11 12:45:00,3335.7,3339.9,3335.53,3339.44,1735
2025-07-11 13:00:00,3339.44,3343.01,3339.44,3342.52,2574
2025-07-11 13:15:00,3342.52,3346.02,3342.3,3345.72,2489
2025-07-11 13:30:00,3345.73,3348.01,3344.24,3347.14,2185
2025-07-11 13:45:00,3347.13,3348.07,3344.95,3345.06,2415
2025-07-11 14:00:00,3345.09,3348.21,3343.8,3348.03,2440
2025-07-11 14:15:00,3348.03,3348.24,3342.1,3345.0,2485
2025-07-11 14:30:00,3344.99,3349.07,3344.91,3348.74,1957
2025-07-11 14:45:00,3348.75,3350.27,3346.94,3347.5,2640
2025-07-11 15:00:00,3347.56,3350.2,3344.71,3344.83,2994
2025-07-11 15:15:00,3344.84,3349.11,3344.23,3347.04,2745
2025-07-11 15:30:00,3347.41,3354.56,3347.41,3352.37,4852
2025-07-11 15:45:00,3352.33,3357.11,3351.72,3355.08,4107
2025-07-11 16:00:00,3355.41,3357.99,3353.31,3356.55,4273
2025-07-11 16:15:00,3356.55,3358.43,3349.95,3352.99,4284
2025-07-11 16:30:00,3353.18,3359.06,3350.65,3353.09,5664
2025-07-11 16:45:00,3353.1,3356.39,3350.1,3351.74,5120
2025-07-11 17:00:00,3351.73,3355.28,3351.21,3353.55,5366
2025-07-11 17:15:00,3353.51,3355.58,3350.27,3355.19,4762
2025-07-11 17:30:00,3355.25,3360.16,3355.15,3359.76,5163
2025-07-11 17:45:00,3359.52,3363.71,3358.13,3361.22,4061
2025-07-11 18:00:00,3361.29,3365.41,3361.09,3365.13,3558
2025-07-11 18:15:00,3365.15,3368.59,3363.03,3365.89,4410
2025-07-11 18:30:00,3365.98,3366.24,3359.06,3359.07,4236
2025-07-11 18:45:00,3359.07,3360.35,3356.85,3358.65,3448
2025-07-11 19:00:00,3358.64,3359.56,3355.28,3355.79,3811
2025-07-11 19:15:00,3355.79,3355.98,3353.17,3355.2,3267
2025-07-11 19:30:00,3355.2,3356.41,3353.15,3353.59,2883
2025-07-11 19:45:00,3353.59,3355.54,3352.7,3353.51,2438
2025-07-11 20:00:00,3353.55,3354.04,3349.18,3351.55,2717
2025-07-11 20:15:00,3351.55,3352.64,3349.58,3349.69,2650
2025-07-11 20:30:00,3349.7,3352.72,3349.21,3352.15,2223
2025-07-11 20:45:00,3352.12,3353.59,3352.01,3353.38,2335
2025-07-11 21:00:00,3353.47,3356.29,3353.22,3354.83,2829
2025-07-11 21:15:00,3354.93,3358.1,3354.68,3355.61,2333
2025-07-11 21:30:00,3355.7,3358.41,3355.34,3357.72,1543
2025-07-11 21:45:00,3357.72,3357.76,3355.82,3356.02,1770
2025-07-11 22:00:00,3356.02,3359.31,3355.53,3357.53,1950
2025-07-11 22:15:00,3357.53,3358.62,3356.41,3358.3,1640
2025-07-11 22:30:00,3358.34,3359.71,3357.65,3359.17,1881
2025-07-11 22:45:00,3359.15,3359.31,3355.86,3356.4,2464
2025-07-11 23:00:00,3356.49,3356.67,3355.53,3356.53,1082
2025-07-11 23:15:00,3356.54,3356.72,3354.14,3354.22,842
2025-07-11 23:30:00,3354.27,3357.79,3353.41,3357.7,1286
2025-07-11 23:45:00,3357.75,3358.02,3357.04,3357.34,302
2025-07-14 01:00:00,3364.38,3366.86,3358.76,3365.48,2931
2025-07-14 01:15:00,3365.47,3370.37,3363.04,3370.32,2315
2025-07-14 01:30:00,3370.15,3370.15,3364.2,3369.41,2288
2025-07-14 01:45:00,3369.21,3371.29,3368.36,3369.04,1364
2025-07-14 02:00:00,3369.15,3372.71,3369.15,3372.33,2301
2025-07-14 02:15:00,3372.33,3373.92,3366.43,3368.16,1848
2025-07-14 02:30:00,3368.15,3369.05,3366.28,3367.72,1626
2025-07-14 02:45:00,3367.48,3369.73,3366.27,3367.45,1561
2025-07-14 03:00:00,3367.07,3368.55,3364.68,3368.21,3702
2025-07-14 03:15:00,3368.23,3372.07,3367.14,3370.41,2905
2025-07-14 03:30:00,3370.44,3373.28,3370.44,3371.86,2432
2025-07-14 03:45:00,3371.87,3371.87,3367.03,3367.19,2639
2025-07-14 04:00:00,3367.09,3369.95,3360.91,3365.41,4494
2025-07-14 04:15:00,3365.39,3367.02,3360.5,3361.19,3431
2025-07-14 04:30:00,3361.13,3361.7,3358.37,3359.46,3016
2025-07-14 04:45:00,3359.45,3360.6,3356.77,3358.39,2659
2025-07-14 05:00:00,3358.38,3358.38,3354.96,3355.54,2323
2025-07-14 05:15:00,3355.54,3359.18,3354.59,3358.95,2672
2025-07-14 05:30:00,3358.95,3359.65,3353.85,3355.47,2921
2025-07-14 05:45:00,3355.45,3357.76,3355.4,3357.48,1809
2025-07-14 06:00:00,3357.45,3359.65,3356.75,3358.29,1845
2025-07-14 06:15:00,3358.29,3358.31,3355.45,3357.04,1787
2025-07-14 06:30:00,3357.07,3358.33,3356.33,3357.54,1437
2025-07-14 06:45:00,3357.47,3358.42,3355.56,3356.87,1967
2025-07-14 07:00:00,3356.75,3357.29,3354.39,3355.56,2246
2025-07-14 07:15:00,3355.56,3356.78,3353.82,3356.33,2207
2025-07-14 07:30:00,3356.33,3361.7,3355.8,3359.81,1995
2025-07-14 07:45:00,3359.79,3361.06,3358.91,3359.6,2148
2025-07-14 08:00:00,3359.62,3359.89,3357.56,3358.45,2067
2025-07-14 08:15:00,3358.53,3360.43,3353.56,3355.67,2060
2025-07-14 08:30:00,3355.94,3358.98,3355.77,3357.84,2570
2025-07-14 08:45:00,3357.82,3358.12,3355.95,3357.7,2484
2025-07-14 09:00:00,3357.71,3360.07,3356.65,3359.78,2679
2025-07-14 09:15:00,3359.79,3361.24,3358.05,3360.36,2501
2025-07-14 09:30:00,3360.29,3362.76,3358.33,3362.7,2280
2025-07-14 09:45:00,3362.61,3369.65,3362.26,3368.78,3115
2025-07-14 10:00:00,3368.79,3372.44,3366.63,3367.71,3438
2025-07-14 10:15:00,3367.65,3374.58,3366.77,3374.57,2738
2025-07-14 10:30:00,3374.57,3374.99,3369.84,3371.66,2468
2025-07-14 10:45:00,3371.68,3372.26,3369.32,3371.89,2324
2025-07-14 11:00:00,3371.81,3372.55,3369.45,3372.45,2361
2025-07-14 11:15:00,3372.5,3372.6,3366.61,3367.48,2562
2025-07-14 11:30:00,3367.46,3368.01,3365.3,3367.9,2039
2025-07-14 11:45:00,3367.87,3368.58,3365.91,3366.04,1543
2025-07-14 12:00:00,3365.96,3367.43,3364.46,3366.63,1498
2025-07-14 12:15:00,3366.63,3368.9,3366.58,3366.89,1568
2025-07-14 12:30:00,3366.87,3367.01,3363.88,3365.36,1910
2025-07-14 12:45:00,3365.36,3370.37,3364.67,3370.35,1520
2025-07-14 13:00:00,3370.44,3374.58,3370.44,3374.07,2333
2025-07-14 13:15:00,3374.09,3374.1,3370.35,3370.44,2220
2025-07-14 13:30:00,3370.43,3372.43,3369.74,3371.06,1885
2025-07-14 13:45:00,3371.06,3372.39,3370.57,3372.07,1373
2025-07-14 14:00:00,3372.44,3372.81,3370.25,3371.68,1675
2025-07-14 14:15:00,3371.69,3373.05,3369.28,3369.36,2126
2025-07-14 14:30:00,3369.31,3371.57,3368.77,3370.73,2297
2025-07-14 14:45:00,3370.73,3371.15,3363.86,3364.07,2683
2025-07-14 15:00:00,3364.05,3366.54,3361.1,3362.13,3059
2025-07-14 15:15:00,3362.09,3363.25,3357.2,3358.06,3705
2025-07-14 15:30:00,3357.98,3358.74,3350.42,3351.5,4144
2025-07-14 15:45:00,3351.67,3353.18,3349.21,3350.16,3031
2025-07-14 16:00:00,3350.2,3353.41,3347.16,3353.14,4147
2025-07-14 16:15:00,3353.11,3355.72,3350.88,3355.38,2825
2025-07-14 16:30:00,3355.41,3358.05,3354.7,3357.25,4263
2025-07-14 16:45:00,3357.24,3358.98,3354.74,3355.05,3314
2025-07-14 17:00:00,3355.11,3356.23,3351.37,3351.62,3673
2025-07-14 17:15:00,3351.61,3352.74,3345.11,3351.97,4000
2025-07-14 17:30:00,3351.97,3352.34,3341.15,3341.92,4190
2025-07-14 17:45:00,3341.94,3345.13,3340.95,3343.34,3410
2025-07-14 18:00:00,3343.34,3349.47,3342.41,3348.4,3235
2025-07-14 18:15:00,3348.4,3348.79,3345.62,3346.88,2595
2025-07-14 18:30:00,3346.83,3349.64,3346.73,3348.4,2362
2025-07-14 18:45:00,3348.46,3348.49,3344.44,3345.01,2254
2025-07-14 19:00:00,3345.02,3346.87,3343.07,3346.18,2370
2025-07-14 19:15:00,3346.17,3348.47,3345.96,3348.28,1965
2025-07-14 19:30:00,3348.29,3349.22,3347.91,3348.22,1772
2025-07-14 19:45:00,3348.25,3348.58,3346.07,3347.8,1815
2025-07-14 20:00:00,3347.84,3349.25,3347.31,3348.15,1617
2025-07-14 20:15:00,3348.15,3351.07,3347.98,3350.47,2040
2025-07-14 20:30:00,3350.48,3351.57,3349.78,3350.82,1975
2025-07-14 20:45:00,3350.82,3351.65,3350.12,3350.91,1621
2025-07-14 21:00:00,3350.93,3351.06,3347.9,3349.23,1502
2025-07-14 21:15:00,3349.1,3350.93,3348.49,3349.18,1269
2025-07-14 21:30:00,3349.26,3350.99,3349.0,3350.6,1118
2025-07-14 21:45:00,3350.54,3350.94,3348.26,3348.84,1073
2025-07-14 22:00:00,3348.74,3350.17,3348.53,3349.79,1267
2025-07-14 22:15:00,3349.79,3350.37,3347.91,3348.07,1506
2025-07-14 22:30:00,3348.1,3348.44,3345.7,3346.29,2216
2025-07-14 22:45:00,3346.32,3346.58,3343.15,3344.3,2124
2025-07-14 23:00:00,3344.26,3345.36,3343.41,3345.07,921
2025-07-14 23:15:00,3345.12,3345.53,3344.08,3344.81,758
2025-07-14 23:30:00,3344.79,3345.26,3342.13,3342.15,793
2025-07-14 23:45:00,3342.15,3342.89,3341.11,3342.65,609
2025-07-15 01:00:00,3343.86,3343.86,3341.26,3341.92,625
2025-07-15 01:15:00,3342.02,3344.21,3342.0,3344.14,487
2025-07-15 01:30:00,3344.17,3344.72,3343.08,3344.68,561
2025-07-15 01:45:00,3344.61,3345.76,3343.81,3345.58,537
2025-07-15 02:00:00,3345.52,3346.43,3343.8,3343.98,656
2025-07-15 02:15:00,3343.93,3344.73,3343.92,3344.73,398
2025-07-15 02:30:00,3344.73,3346.17,3344.09,3345.84,524
2025-07-15 02:45:00,3345.85,3346.35,3344.24,3345.34,697
2025-07-15 03:00:00,3345.24,3347.04,3344.77,3346.59,1121
2025-07-15 03:15:00,3346.59,3347.87,3346.53,3347.58,821
2025-07-15 03:30:00,3347.58,3348.19,3346.18,3347.18,880
2025-07-15 03:45:00,3347.09,3349.43,3345.96,3347.7,1276
2025-07-15 04:00:00,3347.69,3349.55,3347.16,3348.62,1897
2025-07-15 04:15:00,3348.63,3349.75,3347.56,3348.32,1360
2025-07-15 04:30:00,3348.32,3350.54,3346.18,3346.71,1469
2025-07-15 04:45:00,3346.7,3348.36,3346.06,3346.6,1582
2025-07-15 05:00:00,3346.54,3350.02,3345.57,3349.86,1557
2025-07-15 05:15:00,3349.88,3351.96,3349.3,3350.1,1305
2025-07-15 05:30:00,3350.12,3350.53,3347.91,3349.08,1501
2025-07-15 05:45:00,3348.96,3351.2,3347.69,3350.9,1222
2025-07-15 06:00:00,3351.08,3354.58,3350.79,3354.2,1747
2025-07-15 06:15:00,3354.23,3356.01,3352.21,3354.47,1955
2025-07-15 06:30:00,3354.47,3357.43,3354.25,3357.36,1120
2025-07-15 06:45:00,3357.36,3358.28,3356.66,3357.92,1006
2025-07-15 07:00:00,3357.96,3360.92,3357.56,3360.74,1524
2025-07-15 07:15:00,3360.74,3360.84,3359.16,3360.29,1063
2025-07-15 07:30:00,3360.29,3361.04,3359.67,3360.19,897
2025-07-15 07:45:00,3360.19,3361.24,3359.28,3360.2,917
2025-07-15 08:00:00,3360.21,3363.03,3360.12,3362.5,1077
2025-07-15 08:15:00,3362.5,3364.41,3362.21,3363.47,1165
2025-07-15 08:30:00,3363.44,3364.91,3362.45,3364.19,1650
2025-07-15 08:45:00,3363.99,3365.15,3361.7,3361.99,1521
2025-07-15 09:00:00,3361.95,3364.21,3359.5,3362.73,1910
2025-07-15 09:15:00,3362.73,3362.94,3358.89,3359.81,1991
2025-07-15 09:30:00,3359.81,3362.83,3358.24,3361.67,1817
2025-07-15 09:45:00,3361.68,3362.08,3357.59,3358.19,1632
2025-07-15 10:00:00,3358.23,3360.58,3357.47,3360.49,1974
2025-07-15 10:15:00,3360.55,3363.14,3360.41,3362.73,1700
2025-07-15 10:30:00,3362.73,3363.71,3361.7,3363.62,1407
2025-07-15 10:45:00,3363.61,3365.12,3363.57,3364.03,1483
2025-07-15 11:00:00,3363.87,3365.54,3362.0,3363.04,1921
2025-07-15 11:15:00,3363.0,3363.14,3356.5,3357.87,2731
2025-07-15 11:30:00,3357.87,3363.73,3357.61,3362.33,2108
2025-07-15 11:45:00,3362.33,3363.84,3360.3,3360.96,1638
2025-07-15 12:00:00,3360.97,3364.64,3360.86,3363.09,1562
2025-07-15 12:15:00,3363.09,3363.6,3359.04,3361.5,1912
2025-07-15 12:30:00,3361.46,3363.02,3358.51,3362.02,2002
2025-07-15 12:45:00,3362.02,3363.57,3360.98,3363.46,1177
2025-07-15 13:00:00,3363.47,3365.94,3362.3,3364.47,1571
2025-07-15 13:15:00,3364.47,3366.23,3363.04,3363.04,1459
2025-07-15 13:30:00,3363.04,3364.34,3361.93,3362.73,1039
2025-07-15 13:45:00,3362.68,3363.07,3361.19,3361.37,1097
2025-07-15 14:00:00,3361.38,3362.01,3358.83,3360.65,1708
2025-07-15 14:15:00,3360.69,3361.02,3357.85,3358.03,1421
2025-07-15 14:30:00,3358.04,3359.3,3356.07,3357.09,1561
2025-07-15 14:45:00,3356.98,3357.91,3354.18,3354.78,2260
2025-07-15 15:00:00,3354.66,3355.18,3352.35,3352.65,1990
2025-07-15 15:15:00,3352.64,3355.44,3349.22,3354.03,2908
2025-07-15 15:30:00,3354.04,3360.03,3346.39,3351.52,5135
2025-07-15 15:45:00,3351.53,3354.8,3348.38,3349.02,3378
2025-07-15 16:00:00,3349.04,3352.39,3345.62,3346.55,3958
2025-07-15 16:15:00,3346.54,3346.88,3338.32,3340.88,3639
2025-07-15 16:30:00,3340.72,3342.29,3334.21,3338.42,5621
2025-07-15 16:45:00,3338.34,3347.77,3335.17,3347.02,5304
2025-07-15 17:00:00,3347.12,3348.02,3342.51,3347.04,4679
2025-07-15 17:15:00,3346.97,3349.25,3343.62,3346.86,3581
2025-07-15 17:30:00,3346.83,3352.02,3346.71,3350.02,3415
2025-07-15 17:45:00,3349.99,3350.48,3345.44,3347.88,2747
2025-07-15 18:00:00,3347.93,3349.81,3344.97,3345.27,2901
2025-07-15 18:15:00,3345.26,3345.57,3332.58,3334.18,3853
2025-07-15 18:30:00,3333.97,3334.04,3325.37,3331.41,5165
2025-07-15 18:45:00,3331.46,3331.62,3327.6,3328.9,3188
2025-07-15 19:00:00,3328.88,3328.94,3321.47,3322.72,3597
2025-07-15 19:15:00,3322.71,3325.68,3320.2,3325.63,3237
2025-07-15 19:30:00,3325.64,3326.66,3323.96,3325.95,2340
2025-07-15 19:45:00,3325.93,3330.26,3325.83,3329.18,2461
2025-07-15 20:00:00,3329.18,3331.15,3327.57,3330.87,2132
2025-07-15 20:15:00,3330.91,3331.32,3328.76,3329.25,2350
2025-07-15 20:30:00,3329.4,3330.3,3327.09,3327.97,2115
2025-07-15 20:45:00,3327.98,3328.63,3325.77,3327.99,1808
2025-07-15 21:00:00,3327.99,3329.35,3327.7,3328.62,1602
2025-07-15 21:15:00,3328.61,3328.93,3325.77,3326.41,1529
2025-07-15 21:30:00,3326.38,3330.11,3326.29,3329.95,1707
2025-07-15 21:45:00,3329.95,3331.87,3328.76,3328.79,1596
2025-07-15 22:00:00,3328.78,3330.02,3327.14,3327.37,1490
2025-07-15 22:15:00,3327.37,3328.24,3326.54,3326.88,902
2025-07-15 22:30:00,3326.98,3329.59,3326.74,3329.4,1181
2025-07-15 22:45:00,3329.39,3331.16,3328.84,3330.29,1676
2025-07-15 23:00:00,3330.35,3330.9,3329.56,3330.36,716
2025-07-15 23:15:00,3330.35,3330.62,3327.57,3328.13,737
2025-07-15 23:30:00,3328.13,3328.89,3326.56,3326.61,505
2025-07-15 23:45:00,3326.61,3326.73,3324.68,3324.77,580
2025-07-16 01:00:00,3323.82,3327.59,3323.71,3326.99,714
2025-07-16 01:15:00,3327.08,3327.5,3325.92,3326.36,530
2025-07-16 01:30:00,3326.35,3326.94,3325.89,3326.33,577
2025-07-16 01:45:00,3326.29,3326.55,3325.43,3326.54,360
2025-07-16 02:00:00,3326.49,3328.73,3326.27,3328.5,624
2025-07-16 02:15:00,3328.54,3330.12,3328.42,3328.91,686
2025-07-16 02:30:00,3328.8,3331.36,3328.75,3329.72,712
2025-07-16 02:45:00,3329.72,3331.64,3329.47,3331.0,660
2025-07-16 03:00:00,3331.05,3331.48,3328.75,3329.3,1313
2025-07-16 03:15:00,3329.3,3331.56,3329.12,3331.1,1205
2025-07-16 03:30:00,3331.1,3332.56,3330.28,3331.66,1144
2025-07-16 03:45:00,3331.66,3332.4,3329.7,3330.48,1341
2025-07-16 04:00:00,3330.47,3332.0,3328.89,3331.89,2327
2025-07-16 04:15:00,3331.97,3334.25,3330.88,3333.03,1847
2025-07-16 04:30:00,3333.02,3334.94,3330.94,3331.26,2061
2025-07-16 04:45:00,3331.3,3332.6,3329.81,3331.05,1554
2025-07-16 05:00:00,3331.04,3331.55,3327.74,3328.78,1584
2025-07-16 05:15:00,3328.78,3329.25,3328.16,3328.91,1131
2025-07-16 05:30:00,3328.92,3330.26,3327.48,3328.26,1682
2025-07-16 05:45:00,3328.25,3328.67,3325.14,3326.1,1419
2025-07-16 06:00:00,3326.09,3330.3,3325.91,3328.21,1372
2025-07-16 06:15:00,3328.23,3333.02,3328.12,3332.72,1571
2025-07-16 06:30:00,3332.62,3334.79,3332.55,3334.12,1341
2025-07-16 06:45:00,3334.09,3335.04,3333.53,3334.34,1089
2025-07-16 07:00:00,3334.26,3334.97,3333.27,3333.86,1091
2025-07-16 07:15:00,3333.85,3335.09,3332.78,3335.07,924
2025-07-16 07:30:00,3335.07,3337.86,3334.95,3336.44,1379
2025-07-16 07:45:00,3336.28,3338.61,3335.95,3338.13,987
2025-07-16 08:00:00,3338.14,3339.23,3337.07,3338.57,1078
2025-07-16 08:15:00,3338.58,3339.58,3338.25,3339.41,879
2025-07-16 08:30:00,3339.41,3339.84,3336.31,3337.13,1585
2025-07-16 08:45:00,3337.03,3338.8,3335.64,3337.85,1392
2025-07-16 09:00:00,3337.86,3341.43,3337.64,3340.57,1687
2025-07-16 09:15:00,3340.57,3342.0,3339.92,3339.92,1635
2025-07-16 09:30:00,3339.89,3341.64,3339.61,3340.44,1516
2025-07-16 09:45:00,3340.41,3340.89,3338.69,3339.09,1482
2025-07-16 10:00:00,3339.1,3339.68,3336.93,3337.73,1591
2025-07-16 10:15:00,3337.72,3340.13,3337.55,3338.03,1180
2025-07-16 10:30:00,3338.03,3338.95,3336.31,3336.53,1079
2025-07-16 10:45:00,3336.43,3338.16,3335.94,3337.95,1305
2025-07-16 11:00:00,3337.94,3342.28,3337.72,3340.05,1613
2025-07-16 11:15:00,3339.97,3340.85,3339.15,3340.58,1184
2025-07-16 11:30:00,3340.57,3341.26,3339.56,3341.17,999
2025-07-16 11:45:00,3341.22,3342.6,3340.26,3341.89,1357
2025-07-16 12:00:00,3341.79,3343.05,3339.98,3340.35,1353
2025-07-16 12:15:00,3340.35,3341.52,3338.88,3339.24,1247
2025-07-16 12:30:00,3339.24,3341.37,3339.19,3341.36,1372
2025-07-16 12:45:00,3341.41,3341.76,3339.74,3339.9,1408
2025-07-16 13:00:00,3339.88,3340.35,3337.92,3337.93,1503
2025-07-16 13:15:00,3337.91,3339.09,3336.94,3338.61,1218
2025-07-16 13:30:00,3338.61,3339.3,3337.54,3337.92,1057
2025-07-16 13:45:00,3337.93,3338.75,3334.01,3335.02,1577
2025-07-16 14:00:00,3335.03,3336.62,3334.46,3336.1,1650
2025-07-16 14:15:00,3336.2,3337.18,3333.72,3335.89,1325
2025-07-16 14:30:00,3335.9,3338.15,3335.29,3338.13,1544
2025-07-16 14:45:00,3338.13,3340.13,3336.16,3339.15,1903
2025-07-16 15:00:00,3339.16,3340.83,3337.36,3338.31,2038
2025-07-16 15:15:00,3338.13,3338.14,3333.05,3333.95,2501
2025-07-16 15:30:00,3333.63,3338.57,3332.16,3333.97,4106
2025-07-16 15:45:00,3333.99,3335.39,3330.88,3334.52,2753
2025-07-16 16:00:00,3334.53,3336.64,3332.69,3334.56,2833
2025-07-16 16:15:00,3334.57,3339.45,3333.79,3334.73,2692
2025-07-16 16:30:00,3334.48,3334.77,3326.56,3326.92,4509
2025-07-16 16:45:00,3326.84,3327.16,3321.97,3326.76,4685
2025-07-16 17:00:00,3326.75,3328.05,3322.91,3325.92,3950
2025-07-16 17:15:00,3325.91,3329.25,3321.61,3325.07,3815
2025-07-16 17:30:00,3325.07,3326.07,3319.67,3325.28,4136
2025-07-16 17:45:00,3325.2,3342.11,3323.98,3337.87,5105
2025-07-16 18:00:00,3337.81,3353.73,3337.27,3348.68,6702
2025-07-16 18:15:00,3348.73,3370.97,3346.83,3363.5,7888
2025-07-16 18:30:00,3363.53,3377.07,3357.4,3360.48,7460
2025-07-16 18:45:00,3360.29,3366.15,3335.92,3343.66,7071
2025-07-16 19:00:00,3343.84,3355.11,3338.96,3354.05,6340
2025-07-16 19:15:00,3354.06,3354.14,3346.81,3352.06,4127
2025-07-16 19:30:00,3352.06,3353.39,3348.41,3351.14,3382
2025-07-16 19:45:00,3351.14,3354.65,3348.15,3349.09,3308
2025-07-16 20:00:00,3349.08,3353.74,3348.78,3351.1,2792
2025-07-16 20:15:00,3351.1,3353.97,3350.5,3351.56,2723
2025-07-16 20:30:00,3351.9,3355.53,3350.23,3354.93,2472
2025-07-16 20:45:00,3354.98,3357.19,3353.72,3354.8,2021
2025-07-16 21:00:00,3354.82,3357.31,3354.3,3355.71,2091
2025-07-16 21:15:00,3355.71,3356.7,3352.65,3353.46,1867
2025-07-16 21:30:00,3353.44,3354.33,3352.41,3353.03,1597
2025-07-16 21:45:00,3353.03,3353.17,3349.09,3350.29,1797
2025-07-16 22:00:00,3350.29,3350.53,3347.17,3348.0,1850
2025-07-16 22:15:00,3348.04,3348.6,3346.43,3347.32,1796
2025-07-16 22:30:00,3347.31,3348.11,3345.98,3347.06,2085
2025-07-16 22:45:00,3347.06,3348.06,3346.81,3347.14,2399
2025-07-16 23:00:00,3347.2,3348.91,3347.14,3348.87,1136
2025-07-16 23:15:00,3348.87,3349.38,3348.16,3348.25,838
2025-07-16 23:30:00,3348.25,3348.29,3346.18,3347.32,1130
2025-07-16 23:45:00,3347.32,3348.5,3346.95,3346.96,490
2025-07-17 01:00:00,3350.02,3351.49,3348.56,3350.84,949
2025-07-17 01:15:00,3350.83,3352.15,3349.56,3351.55,988
2025-07-17 01:30:00,3351.55,3351.72,3348.3,3348.31,638
2025-07-17 01:45:00,3348.29,3349.56,3348.17,3349.55,625
2025-07-17 02:00:00,3349.54,3350.12,3348.28,3349.07,459
2025-07-17 02:15:00,3349.04,3349.22,3347.93,3348.03,517
2025-07-17 02:30:00,3348.01,3348.72,3345.8,3346.24,811
2025-07-17 02:45:00,3346.27,3346.96,3345.26,3346.33,927
2025-07-17 03:00:00,3346.32,3347.2,3342.94,3344.06,1464
2025-07-17 03:15:00,3344.04,3344.98,3343.0,3344.24,1270
2025-07-17 03:30:00,3344.54,3344.69,3341.39,3341.83,1349
2025-07-17 03:45:00,3341.83,3341.89,3339.74,3340.79,1532
2025-07-17 04:00:00,3340.82,3341.99,3337.47,3340.72,2324
2025-07-17 04:15:00,3340.68,3341.45,3338.89,3340.61,1786
2025-07-17 04:30:00,3340.62,3341.55,3337.14,3341.34,1914
2025-07-17 04:45:00,3341.37,3344.61,3341.31,3344.06,1927
2025-07-17 05:00:00,3344.06,3344.66,3340.23,3340.68,1794
2025-07-17 05:15:00,3340.69,3341.14,3339.21,3339.87,1046
2025-07-17 05:30:00,3339.87,3341.37,3337.59,3339.19,1464
2025-07-17 05:45:00,3339.06,3342.1,3338.46,3341.27,1621
2025-07-17 06:00:00,3341.27,3341.97,3337.72,3338.07,1265
2025-07-17 06:15:00,3338.07,3339.42,3336.31,3339.31,1302
2025-07-17 06:30:00,3339.31,3341.82,3339.28,3341.42,1096
2025-07-17 06:45:00,3341.43,3342.34,3340.42,3341.54,1154
2025-07-17 07:00:00,3341.49,3341.66,3338.29,3339.19,964
2025-07-17 07:15:00,3339.19,3341.09,3338.67,3341.08,823
2025-07-17 07:30:00,3341.06,3344.7,3340.9,3342.71,1203
2025-07-17 07:45:00,3342.58,3342.76,3341.45,3342.71,739
2025-07-17 08:00:00,3342.71,3342.85,3340.01,3340.26,879
2025-07-17 08:15:00,3340.26,3340.79,3338.53,3340.52,1419
2025-07-17 08:30:00,3340.52,3341.08,3336.47,3336.99,1745
2025-07-17 08:45:00,3336.99,3339.73,3335.99,3339.65,1489
2025-07-17 09:00:00,3339.77,3339.94,3331.42,3333.22,2532
2025-07-17 09:15:00,3333.08,3334.93,3329.69,3330.14,2750
2025-07-17 09:30:00,3330.14,3331.04,3328.13,3329.19,2264
2025-07-17 09:45:00,3329.28,3336.43,3329.13,3335.34,2440
2025-07-17 10:00:00,3335.35,3336.18,3332.21,3333.88,2039
2025-07-17 10:15:00,3333.8,3333.8,3327.85,3329.6,2442
2025-07-17 10:30:00,3329.6,3329.96,3327.84,3327.9,1464
2025-07-17 10:45:00,3327.9,3329.35,3325.17,3325.82,2238
2025-07-17 11:00:00,3325.84,3329.61,3325.51,3329.43,1735
2025-07-17 11:15:00,3329.43,3331.3,3329.0,3331.03,1441
2025-07-17 11:30:00,3331.01,3332.04,3330.08,3330.44,1298
2025-07-17 11:45:00,3330.44,3331.77,3328.24,3328.73,1665
2025-07-17 12:00:00,3328.71,3330.42,3327.43,3328.26,1630
2025-07-17 12:15:00,3328.26,3332.5,3328.22,3330.01,1534
2025-07-17 12:30:00,3329.96,3330.49,3327.7,3328.54,1188
2025-07-17 12:45:00,3328.52,3328.83,3324.68,3325.59,1770
2025-07-17 13:00:00,3325.59,3328.15,3325.51,3327.15,1393
2025-07-17 13:15:00,3327.15,3328.88,3325.29,3328.8,1400
2025-07-17 13:30:00,3328.89,3331.16,3328.71,3331.16,1351
2025-07-17 13:45:00,3331.16,3331.16,3324.97,3325.74,1744
2025-07-17 14:00:00,3325.73,3328.45,3322.96,3327.94,1942
2025-07-17 14:15:00,3327.94,3328.3,3324.96,3326.38,1222
2025-07-17 14:30:00,3326.38,3326.39,3323.94,3325.06,1350
2025-07-17 14:45:00,3325.09,3325.95,3322.19,3324.2,2266
2025-07-17 15:00:00,3324.2,3326.02,3322.14,3325.36,2280
2025-07-17 15:15:00,3325.37,3328.47,3323.14,3325.64,2573
2025-07-17 15:30:00,3325.94,3326.55,3312.44,3312.86,5777
2025-07-17 15:45:00,3312.87,3315.39,3309.76,3313.22,5208
2025-07-17 16:00:00,3313.22,3317.04,3311.08,3316.6,4730
2025-07-17 16:15:00,3316.69,3319.38,3314.09,3317.62,3646
2025-07-17 16:30:00,3317.58,3320.56,3313.76,3315.53,4840
2025-07-17 16:45:00,3315.53,3321.76,3315.2,3318.85,3612
2025-07-17 17:00:00,3318.93,3325.39,3318.17,3324.55,4003
2025-07-17 17:15:00,3324.56,3330.2,3324.46,3330.2,3776
2025-07-17 17:30:00,3330.21,3334.24,3329.63,3332.69,3245
2025-07-17 17:45:00,3332.59,3335.1,3330.81,3334.13,3395
2025-07-17 18:00:00,3334.13,3335.99,3331.81,3333.08,2965
2025-07-17 18:15:00,3332.97,3338.07,3331.16,3336.98,2520
2025-07-17 18:30:00,3336.99,3337.78,3335.14,3336.83,2617
2025-07-17 18:45:00,3336.76,3338.49,3336.13,3336.82,2418
2025-07-17 19:00:00,3336.82,3337.2,3335.67,3337.12,1944
2025-07-17 19:15:00,3337.17,3338.98,3335.4,3338.72,2031
2025-07-17 19:30:00,3338.7,3339.38,3336.32,3338.83,2059
2025-07-17 19:45:00,3338.86,3339.87,3338.03,3338.8,2267
2025-07-17 20:00:00,3338.81,3340.38,3338.55,3338.97,1604
2025-07-17 20:15:00,3338.97,3340.98,3338.95,3340.14,1813
2025-07-17 20:30:00,3340.15,3340.73,3336.26,3336.8,2009
2025-07-17 20:45:00,3336.84,3338.17,3336.64,3337.52,1702
2025-07-17 21:00:00,3337.52,3337.92,3335.78,3336.77,1521
2025-07-17 21:15:00,3336.78,3337.88,3335.61,3337.02,1560
2025-07-17 21:30:00,3337.02,3338.48,3336.85,3338.37,1286
2025-07-17 21:45:00,3338.35,3338.93,3337.24,3338.54,1497
2025-07-17 22:00:00,3338.54,3340.11,3338.25,3339.37,1327
2025-07-17 22:15:00,3339.28,3340.22,3339.23,3339.56,1059
2025-07-17 22:30:00,3339.59,3340.75,3339.56,3340.46,1152
2025-07-17 22:45:00,3340.46,3340.73,3338.25,3339.84,1767
2025-07-17 23:00:00,3339.78,3340.21,3338.79,3338.97,700
2025-07-17 23:15:00,3338.98,3339.68,3338.79,3338.92,564
2025-07-17 23:30:00,3338.92,3339.33,3337.82,3338.21,551
2025-07-17 23:45:00,3338.27,3338.41,3337.28,3337.83,473
2025-07-18 01:00:00,3339.26,3341.88,3339.26,3339.67,977
2025-07-18 01:15:00,3339.68,3340.77,3338.24,3339.47,1024
2025-07-18 01:30:00,3339.45,3342.96,3338.86,3342.66,1072
2025-07-18 01:45:00,3342.65,3343.98,3342.28,3343.24,770
2025-07-18 02:00:00,3343.21,3343.4,3341.63,3342.31,656
2025-07-18 02:15:00,3342.26,3342.32,3340.84,3341.57,718
2025-07-18 02:30:00,3341.53,3342.85,3341.17,3341.17,449
2025-07-18 02:45:00,3341.17,3341.64,3339.57,3340.29,729
2025-07-18 03:00:00,3340.31,3341.38,3339.25,3340.75,1306
2025-07-18 03:15:00,3340.75,3341.03,3338.62,3339.04,1119
2025-07-18 03:30:00,3339.02,3339.41,3337.84,3338.54,894
2025-07-18 03:45:00,3338.55,3340.32,3338.36,3339.89,968
2025-07-18 04:00:00,3339.9,3342.96,3336.87,3339.42,2792
2025-07-18 04:15:00,3339.41,3339.41,3336.03,3336.52,1626
2025-07-18 04:30:00,3336.54,3338.09,3335.21,3336.42,1634
2025-07-18 04:45:00,3336.45,3339.96,3336.36,3337.84,1760
2025-07-18 05:00:00,3337.81,3343.69,3336.97,3343.16,2297
2025-07-18 05:15:00,3343.16,3344.15,3342.76,3343.14,1643
2025-07-18 05:30:00,3343.15,3343.58,3339.51,3339.66,1770
2025-07-18 05:45:00,3339.66,3340.65,3337.2,3337.74,1570
2025-07-18 06:00:00,3337.74,3338.42,3336.42,3336.52,1416
2025-07-18 06:15:00,3336.43,3336.89,3334.54,3335.09,1304
2025-07-18 06:30:00,3335.07,3336.58,3334.04,3336.17,1035
2025-07-18 06:45:00,3336.16,3336.56,3334.53,3334.53,790
2025-07-18 07:00:00,3334.5,3336.41,3334.42,3335.5,1034
2025-07-18 07:15:00,3335.5,3336.5,3334.49,3334.95,901
2025-07-18 07:30:00,3334.81,3335.59,3334.13,3334.79,798
2025-07-18 07:45:00,3334.76,3336.98,3333.76,3336.98,810
2025-07-18 08:00:00,3336.92,3340.08,3336.78,3339.53,1093
2025-07-18 08:15:00,3339.5,3340.08,3337.85,3337.85,1077
2025-07-18 08:30:00,3337.85,3338.58,3334.32,3334.34,2015
2025-07-18 08:45:00,3334.33,3335.68,3333.45,3333.52,1845
2025-07-18 09:00:00,3333.47,3337.27,3331.83,3337.23,2108
2025-07-18 09:15:00,3337.36,3339.08,3336.71,3339.04,1710
2025-07-18 09:30:00,3339.02,3340.69,3337.7,3338.5,1928
2025-07-18 09:45:00,3338.5,3342.62,3338.06,3342.01,2119
2025-07-18 10:00:00,3342.0,3344.75,3340.61,3343.9,1941
2025-07-18 10:15:00,3343.91,3346.54,3343.69,3345.43,1583
2025-07-18 10:30:00,3345.43,3349.64,3344.17,3347.79,1945
2025-07-18 10:45:00,3347.8,3350.04,3347.47,3349.82,1522
2025-07-18 11:00:00,3349.88,3350.35,3347.19,3347.22,2076
2025-07-18 11:15:00,3347.23,3348.58,3346.23,3348.46,1465
2025-07-18 11:30:00,3348.47,3349.76,3347.53,3348.92,1302
2025-07-18 11:45:00,3348.92,3349.21,3346.99,3347.46,1131
2025-07-18 12:00:00,3347.46,3354.48,3347.41,3351.94,1872
2025-07-18 12:15:00,3351.93,3352.61,3350.41,3352.07,1442
2025-07-18 12:30:00,3352.08,3354.84,3351.58,3353.34,1521
2025-07-18 12:45:00,3353.35,3353.56,3350.78,3352.16,1370
2025-07-18 13:00:00,3352.12,3352.38,3347.82,3351.36,2331
2025-07-18 13:15:00,3351.36,3352.12,3349.17,3350.55,1465
2025-07-18 13:30:00,3350.55,3352.71,3350.44,3351.74,882
2025-07-18 13:45:00,3351.76,3351.81,3349.85,3351.38,1086
2025-07-18 14:00:00,3351.26,3353.45,3350.69,3352.82,1409
2025-07-18 14:15:00,3352.82,3353.74,3352.24,3352.96,1111
2025-07-18 14:30:00,3352.96,3355.92,3352.07,3355.75,1789
2025-07-18 14:45:00,3355.86,3357.66,3353.53,3354.26,1942
2025-07-18 15:00:00,3354.26,3359.58,3354.15,3359.29,2414
2025-07-18 15:15:00,3359.27,3359.87,3356.15,3357.93,2187
2025-07-18 15:30:00,3357.94,3360.67,3356.81,3360.54,2527
2025-07-18 15:45:00,3360.55,3361.17,3358.76,3359.87,2086
2025-07-18 16:00:00,3359.88,3360.21,3356.48,3360.04,3231
2025-07-18 16:15:00,3360.07,3360.1,3356.12,3358.19,2541
2025-07-18 16:30:00,3358.15,3358.5,3352.16,3355.41,4368
2025-07-18 16:45:00,3355.45,3357.26,3353.25,3355.07,3404
2025-07-18 17:00:00,3355.85,3358.97,3354.48,3354.88,4016
2025-07-18 17:15:00,3354.88,3355.73,3351.09,3353.97,3315
2025-07-18 17:30:00,3353.81,3357.19,3353.63,3354.9,2871
2025-07-18 17:45:00,3354.9,3356.51,3354.11,3354.72,2341
2025-07-18 18:00:00,3354.72,3355.68,3352.55,3352.92,2576
2025-07-18 18:15:00,3352.96,3354.36,3352.41,3353.73,2450
2025-07-18 18:30:00,3353.74,3355.41,3352.32,3355.2,2060
2025-07-18 18:45:00,3355.22,3356.33,3353.36,3353.63,1928
2025-07-18 19:00:00,3353.65,3355.43,3351.2,3351.45,2212
2025-07-18 19:15:00,3351.46,3354.31,3351.16,3353.45,2366
2025-07-18 19:30:00,3353.45,3357.37,3352.98,3354.51,2039
2025-07-18 19:45:00,3354.51,3355.29,3351.79,3353.6,2096
2025-07-18 20:00:00,3353.62,3353.72,3352.11,3352.16,1693
2025-07-18 20:15:00,3352.15,3352.88,3350.46,3351.79,1994
2025-07-18 20:30:00,3351.8,3352.18,3350.86,3351.35,1433
2025-07-18 20:45:00,3351.35,3352.36,3350.99,3352.17,1234
2025-07-18 21:00:00,3352.19,3353.3,3350.12,3350.37,1516
2025-07-18 21:15:00,3350.39,3352.35,3350.15,3351.76,1428
2025-07-18 21:30:00,3351.74,3352.55,3351.27,3351.39,1062
2025-07-18 21:45:00,3351.39,3351.82,3350.77,3351.37,1159
2025-07-18 22:00:00,3351.35,3352.68,3351.09,3351.37,1210
2025-07-18 22:15:00,3351.37,3351.63,3350.64,3350.66,1106
2025-07-18 22:30:00,3350.69,3350.79,3348.1,3349.28,1477
2025-07-18 22:45:00,3349.32,3349.68,3347.66,3348.21,1571
2025-07-18 23:00:00,3348.15,3350.21,3347.7,3349.8,879
2025-07-18 23:15:00,3349.83,3350.41,3349.1,3349.79,577
2025-07-18 23:30:00,3349.8,3351.44,3348.96,3350.94,665
2025-07-18 23:45:00,3350.88,3351.84,3350.48,3351.42,431
2025-07-21 01:00:00,3348.44,3350.11,3346.02,3346.22,1376
2025-07-21 01:15:00,3346.2,3347.92,3344.91,3347.84,1217
2025-07-21 01:30:00,3347.82,3348.22,3347.05,3347.58,738
2025-07-21 01:45:00,3347.55,3348.03,3346.05,3347.66,983
2025-07-21 02:00:00,3347.64,3349.05,3345.73,3346.04,949
2025-07-21 02:15:00,3346.06,3346.78,3345.42,3346.41,816
2025-07-21 02:30:00,3346.45,3347.34,3345.61,3346.9,561
2025-07-21 02:45:00,3346.9,3349.4,3346.9,3349.03,940
2025-07-21 03:00:00,3349.03,3350.31,3347.52,3350.09,1487
2025-07-21 03:15:00,3350.09,3351.63,3349.78,3351.62,955
2025-07-21 03:30:00,3351.63,3353.88,3351.59,3353.49,1305
2025-07-21 03:45:00,3353.49,3354.62,3351.84,3352.13,1107
2025-07-21 04:00:00,3352.0,3357.43,3351.67,3356.91,2268
2025-07-21 04:15:00,3356.91,3358.51,3356.02,3357.93,1683
2025-07-21 04:30:00,3357.93,3358.49,3356.47,3356.86,1583
2025-07-21 04:45:00,3356.86,3357.93,3354.19,3356.41,1879
2025-07-21 05:00:00,3356.13,3356.34,3353.9,3354.11,1451
2025-07-21 05:15:00,3354.15,3357.19,3353.96,3356.95,1124
2025-07-21 05:30:00,3356.96,3357.39,3352.52,3352.92,1429
2025-07-21 05:45:00,3352.91,3354.61,3352.22,3354.18,1204
2025-07-21 06:00:00,3354.19,3356.66,3353.84,3356.22,1043
2025-07-21 06:15:00,3356.22,3356.75,3353.93,3354.79,1508
2025-07-21 06:30:00,3354.69,3354.82,3351.5,3352.38,976
2025-07-21 06:45:00,3352.37,3352.76,3351.05,3351.28,703
2025-07-21 07:00:00,3351.28,3352.25,3350.53,3351.0,725
2025-07-21 07:15:00,3351.0,3354.78,3350.79,3354.77,706
2025-07-21 07:30:00,3354.77,3357.18,3354.61,3356.89,798
2025-07-21 07:45:00,3356.89,3358.67,3356.32,3357.79,1140
2025-07-21 08:00:00,3357.78,3362.82,3357.58,3362.82,1952
2025-07-21 08:15:00,3362.82,3368.73,3362.46,3366.98,2329
2025-07-21 08:30:00,3366.98,3369.53,3364.94,3367.17,3342
2025-07-21 08:45:00,3367.17,3368.47,3366.5,3366.57,1623
2025-07-21 09:00:00,3366.56,3368.43,3365.25,3366.76,1903
2025-07-21 09:15:00,3366.75,3370.05,3366.42,3369.83,1768
2025-07-21 09:30:00,3369.83,3370.57,3367.62,3368.87,2152
2025-07-21 09:45:00,3368.86,3370.64,3367.38,3368.25,1867
2025-07-21 10:00:00,3368.21,3370.4,3367.02,3368.13,2210
2025-07-21 10:15:00,3368.1,3368.35,3364.6,3366.02,1902
2025-07-21 10:30:00,3366.02,3367.41,3365.24,3365.59,1642
2025-07-21 10:45:00,3365.59,3366.87,3363.76,3364.59,1864
2025-07-21 11:00:00,3364.52,3364.82,3362.94,3364.04,2117
2025-07-21 11:15:00,3364.07,3365.88,3362.98,3365.33,1822
2025-07-21 11:30:00,3365.33,3366.72,3364.15,3365.05,1768
2025-07-21 11:45:00,3365.06,3366.38,3364.63,3366.0,1347
2025-07-21 12:00:00,3366.0,3366.41,3364.31,3365.49,1483
2025-07-21 12:15:00,3365.48,3366.09,3364.98,3365.03,1115
2025-07-21 12:30:00,3364.93,3365.26,3362.69,3364.05,1749
2025-07-21 12:45:00,3364.08,3366.22,3363.73,3366.0,1411
2025-07-21 13:00:00,3366.0,3368.04,3365.96,3367.51,1548
2025-07-21 13:15:00,3367.51,3367.51,3364.74,3365.48,1112
2025-07-21 13:30:00,3365.48,3365.58,3362.85,3363.46,1353
2025-07-21 13:45:00,3363.51,3366.16,3363.45,3366.11,1234
2025-07-21 14:00:00,3366.2,3369.76,3365.15,3369.42,2309
2025-07-21 14:15:00,3369.43,3373.75,3369.42,3373.51,2735
2025-07-21 14:30:00,3373.52,3374.0,3370.74,3373.77,2023
2025-07-21 14:45:00,3373.81,3375.52,3373.13,3375.19,2106
2025-07-21 15:00:00,3375.16,3377.02,3374.48,3375.87,2544
2025-07-21 15:15:00,3375.85,3383.36,3375.42,3381.51,3740
2025-07-21 15:30:00,3381.52,3387.37,3381.48,3385.87,3347
2025-07-21 15:45:00,3385.86,3388.49,3384.86,3387.36,3464
2025-07-21 16:00:00,3387.44,3389.04,3384.76,3386.69,3750
2025-07-21 16:15:00,3386.65,3389.6,3385.84,3386.74,3150
2025-07-21 16:30:00,3386.92,3389.34,3383.51,3389.2,4560
2025-07-21 16:45:00,3389.18,3395.15,3386.94,3388.29,5342
2025-07-21 17:00:00,3388.34,3395.09,3386.04,3394.6,5776
2025-07-21 17:15:00,3394.6,3398.45,3393.57,3397.67,5074
2025-07-21 17:30:00,3397.68,3401.33,3397.55,3399.66,4903
2025-07-21 17:45:00,3399.7,3400.87,3397.2,3400.35,4370
2025-07-21 18:00:00,3400.46,3400.83,3396.4,3396.52,4087
2025-07-21 18:15:00,3396.53,3400.97,3395.38,3399.96,3801
2025-07-21 18:30:00,3400.04,3400.82,3396.19,3396.64,3701
2025-07-21 18:45:00,3396.68,3399.64,3396.42,3397.93,2960
2025-07-21 19:00:00,3397.91,3399.0,3397.2,3397.8,2761
2025-07-21 19:15:00,3397.8,3398.65,3396.18,3396.8,2748
2025-07-21 19:30:00,3396.8,3398.77,3395.52,3395.75,2524
2025-07-21 19:45:00,3395.76,3396.06,3393.73,3395.54,2638
2025-07-21 20:00:00,3395.53,3395.73,3392.53,3393.01,2310
2025-07-21 20:15:00,3393.0,3393.27,3391.42,3392.23,2673
2025-07-21 20:30:00,3392.3,3393.2,3391.57,3391.98,1788
2025-07-21 20:45:00,3391.98,3393.56,3391.98,3393.25,2085
2025-07-21 21:00:00,3393.25,3395.31,3393.21,3393.98,2251
2025-07-21 21:15:00,3393.96,3395.13,3393.67,3394.33,1802
2025-07-21 21:30:00,3394.32,3395.04,3393.52,3393.53,1768
2025-07-21 21:45:00,3393.53,3395.67,3393.03,3395.4,1724
2025-07-21 22:00:00,3395.39,3397.29,3395.06,3397.14,2187
2025-07-21 22:15:00,3397.14,3399.17,3396.64,3398.25,2175
2025-07-21 22:30:00,3398.26,3399.77,3397.75,3398.03,1884
2025-07-21 22:45:00,3398.02,3398.95,3397.04,3398.82,3279
2025-07-21 23:00:00,3398.99,3399.27,3397.7,3398.28,1105
2025-07-21 23:15:00,3398.27,3398.28,3397.16,3397.83,753
2025-07-21 23:30:00,3397.83,3398.42,3396.94,3397.95,985
2025-07-21 23:45:00,3397.97,3398.05,3396.6,3397.18,513
2025-07-22 01:00:00,3398.34,3399.97,3397.72,3399.03,687
2025-07-22 01:15:00,3399.16,3400.23,3399.06,3400.05,455
2025-07-22 01:30:00,3400.05,3401.13,3399.95,3400.13,618
2025-07-22 01:45:00,3400.14,3400.95,3398.88,3399.42,616
2025-07-22 02:00:00,3399.67,3401.13,3399.41,3400.35,632
2025-07-22 02:15:00,3400.34,3401.63,3399.92,3401.4,566
2025-07-22 02:30:00,3401.4,3402.78,3393.07,3394.33,1751
2025-07-22 02:45:00,3394.33,3397.54,3393.66,3396.44,1179
2025-07-22 03:00:00,3396.49,3396.58,3390.18,3391.59,2165
2025-07-22 03:15:00,3391.57,3395.7,3391.33,3394.78,1511
2025-07-22 03:30:00,3394.8,3397.86,3393.51,3395.57,1706
2025-07-22 03:45:00,3395.47,3395.9,3392.44,3394.46,1529
2025-07-22 04:00:00,3394.47,3395.9,3389.85,3392.37,2999
2025-07-22 04:15:00,3392.43,3393.93,3390.68,3391.66,2071
2025-07-22 04:30:00,3391.5,3392.86,3386.84,3388.19,2365
2025-07-22 04:45:00,3388.19,3388.84,3385.0,3385.77,2208
2025-07-22 05:00:00,3385.77,3389.8,3385.22,3389.07,2099
2025-07-22 05:15:00,3389.03,3391.51,3388.03,3389.17,1919
2025-07-22 05:30:00,3389.24,3390.4,3387.17,3390.14,1868
2025-07-22 05:45:00,3390.15,3391.96,3389.48,3391.68,1702
2025-07-22 06:00:00,3391.61,3391.84,3389.22,3389.74,1368
2025-07-22 06:15:00,3389.74,3392.07,3388.81,3390.93,1512
2025-07-22 06:30:00,3390.93,3392.77,3389.85,3392.72,950
2025-07-22 06:45:00,3392.73,3393.56,3391.49,3392.31,1502
2025-07-22 07:00:00,3392.25,3392.51,3388.47,3390.55,1101
2025-07-22 07:15:00,3390.55,3391.12,3389.01,3389.78,1119
2025-07-22 07:30:00,3389.78,3389.98,3388.44,3389.26,762
2025-07-22 07:45:00,3389.27,3391.52,3387.87,3390.93,1145
2025-07-22 08:00:00,3391.09,3391.79,3387.99,3388.02,1270
2025-07-22 08:15:00,3387.91,3388.4,3386.85,3388.02,1395
2025-07-22 08:30:00,3388.02,3389.69,3386.21,3386.42,2170
2025-07-22 08:45:00,3386.34,3386.83,3384.57,3385.36,2422
2025-07-22 09:00:00,3385.39,3388.05,3384.43,3385.82,2295
2025-07-22 09:15:00,3385.77,3387.88,3384.55,3384.72,2037
2025-07-22 09:30:00,3384.7,3387.17,3384.33,3384.65,1730
2025-07-22 09:45:00,3384.66,3385.77,3384.2,3385.0,1679
2025-07-22 10:00:00,3384.99,3385.74,3384.36,3384.6,1858
2025-07-22 10:15:00,3384.59,3385.01,3383.33,3383.77,1697
2025-07-22 10:30:00,3383.66,3386.48,3383.28,3386.01,1565
2025-07-22 10:45:00,3386.01,3387.54,3384.65,3387.54,1468
2025-07-22 11:00:00,3387.44,3388.35,3386.14,3387.97,1806
2025-07-22 11:15:00,3387.96,3389.7,3387.07,3388.49,1895
2025-07-22 11:30:00,3388.5,3390.04,3387.9,3388.18,1943
2025-07-22 11:45:00,3388.22,3390.06,3388.0,3389.03,2147
2025-07-22 12:00:00,3388.97,3390.56,3387.95,3388.98,1439
2025-07-22 12:15:00,3388.97,3389.18,3384.73,3385.4,1950
2025-07-22 12:30:00,3385.29,3386.83,3384.47,3386.74,1825
2025-07-22 12:45:00,3386.75,3387.36,3385.49,3386.09,1647
2025-07-22 13:00:00,3386.04,3387.64,3385.83,3387.21,1244
2025-07-22 13:15:00,3387.21,3388.52,3386.06,3387.47,1103
2025-07-22 13:30:00,3387.47,3388.52,3386.77,3387.6,1247
2025-07-22 13:45:00,3387.61,3388.67,3386.64,3387.05,1278
2025-07-22 14:00:00,3387.14,3388.85,3386.74,3388.27,1182
2025-07-22 14:15:00,3388.29,3388.77,3386.99,3387.58,1196
2025-07-22 14:30:00,3387.56,3389.68,3386.66,3389.37,1767
2025-07-22 14:45:00,3389.37,3391.52,3388.69,3391.21,1807
2025-07-22 15:00:00,3391.2,3394.52,3390.89,3394.22,2387
2025-07-22 15:15:00,3394.17,3400.83,3393.72,3400.79,3749
2025-07-22 15:30:00,3400.86,3405.7,3397.85,3403.57,3423
2025-07-22 15:45:00,3403.57,3407.69,3400.79,3407.46,3122
2025-07-22 16:00:00,3407.32,3414.17,3406.24,3409.89,4759
2025-07-22 16:15:00,3409.9,3416.49,3408.38,3415.23,3812
2025-07-22 16:30:00,3415.0,3417.93,3412.96,3416.39,5038
2025-07-22 16:45:00,3416.41,3420.04,3411.34,3412.37,5546
2025-07-22 17:00:00,3412.48,3416.49,3404.94,3415.67,5781
2025-07-22 17:15:00,3415.6,3423.17,3415.35,3421.6,4874
2025-07-22 17:30:00,3421.62,3427.62,3421.41,3425.83,5156
2025-07-22 17:45:00,3425.8,3427.68,3421.84,3426.2,4882
2025-07-22 18:00:00,3426.21,3430.62,3423.73,3428.15,5165
2025-07-22 18:15:00,3428.14,3428.23,3424.48,3425.35,3501
2025-07-22 18:30:00,3425.15,3427.2,3423.83,3424.38,3264
2025-07-22 18:45:00,3424.39,3427.42,3423.66,3426.59,2720
2025-07-22 19:00:00,3426.59,3430.52,3426.25,3429.17,2582
2025-07-22 19:15:00,3429.13,3430.24,3426.28,3427.08,2671
2025-07-22 19:30:00,3427.06,3429.92,3427.04,3429.47,2771
2025-07-22 19:45:00,3429.45,3432.8,3428.93,3432.1,3028
2025-07-22 20:00:00,3432.13,3433.3,3426.3,3427.09,3101
2025-07-22 20:15:00,3427.01,3430.9,3426.92,3428.86,3352
2025-07-22 20:30:00,3428.86,3430.21,3427.27,3429.56,2338
2025-07-22 20:45:00,3429.57,3429.57,3427.41,3429.32,2189
2025-07-22 21:00:00,3429.34,3430.28,3427.84,3429.52,2129
2025-07-22 21:15:00,3429.45,3431.0,3429.41,3429.75,2022
2025-07-22 21:30:00,3429.75,3430.83,3429.23,3430.61,1541
2025-07-22 21:45:00,3430.61,3430.61,3428.41,3429.55,1533
2025-07-22 22:00:00,3429.59,3430.21,3428.93,3429.94,1528
2025-07-22 22:15:00,3429.94,3431.92,3429.85,3431.61,1763
2025-07-22 22:30:00,3431.62,3432.18,3431.13,3431.88,2002
2025-07-22 22:45:00,3431.89,3432.49,3430.65,3431.47,2804
2025-07-22 23:00:00,3431.46,3432.62,3429.91,3430.29,992
2025-07-22 23:15:00,3430.31,3431.02,3429.51,3430.74,807
2025-07-22 23:30:00,3430.74,3431.31,3427.65,3428.56,1488
2025-07-22 23:45:00,3428.54,3430.23,3427.68,3429.52,854
2025-07-23 01:00:00,3431.2,3431.72,3429.7,3429.85,893
2025-07-23 01:15:00,3429.87,3430.14,3428.26,3428.75,710
2025-07-23 01:30:00,3428.76,3428.94,3427.6,3428.76,552
2025-07-23 01:45:00,3428.76,3429.39,3427.45,3428.0,533
2025-07-23 02:00:00,3428.03,3433.39,3427.99,3432.07,1055
2025-07-23 02:15:00,3432.11,3432.89,3428.01,3429.62,1511
2025-07-23 02:30:00,3429.67,3430.24,3427.6,3428.32,1111
2025-07-23 02:45:00,3428.44,3428.45,3426.15,3427.09,1406
2025-07-23 03:00:00,3426.98,3434.01,3426.98,3432.77,2030
2025-07-23 03:15:00,3432.77,3439.02,3431.68,3432.12,3389
2025-07-23 03:30:00,3432.12,3433.03,3429.03,3431.44,2094
2025-07-23 03:45:00,3431.45,3433.62,3428.76,3428.8,2155
2025-07-23 04:00:00,3428.81,3430.68,3423.45,3425.65,3922
2025-07-23 04:15:00,3425.65,3426.32,3421.49,3424.95,3185
2025-07-23 04:30:00,3424.96,3426.7,3420.76,3424.34,2670
2025-07-23 04:45:00,3424.34,3424.42,3420.9,3421.02,2813
2025-07-23 05:00:00,3420.85,3423.66,3420.72,3422.33,2498
2025-07-23 05:15:00,3422.36,3423.59,3420.15,3421.66,3222
2025-07-23 05:30:00,3421.68,3422.67,3418.98,3421.67,2618
2025-07-23 05:45:00,3421.67,3425.07,3421.67,3423.14,2368
2025-07-23 06:00:00,3423.14,3425.67,3422.96,3424.69,1967
2025-07-23 06:15:00,3424.63,3427.93,3423.43,3427.77,2835
2025-07-23 06:30:00,3427.78,3428.71,3424.83,3426.33,2080
2025-07-23 06:45:00,3426.34,3428.04,3423.06,3423.17,1491
2025-07-23 07:00:00,3423.17,3425.23,3422.09,3423.11,1740
2025-07-23 07:15:00,3423.11,3424.23,3422.53,3423.44,1335
2025-07-23 07:30:00,3423.44,3424.32,3422.63,3423.68,1337
2025-07-23 07:45:00,3423.69,3423.86,3421.95,3423.5,1002
2025-07-23 08:00:00,3423.29,3423.52,3420.66,3421.23,1424
2025-07-23 08:15:00,3421.66,3423.01,3420.71,3422.42,1335
2025-07-23 08:30:00,3422.41,3422.67,3417.62,3417.68,2719
2025-07-23 08:45:00,3417.67,3421.12,3416.33,3420.43,2910
2025-07-23 09:00:00,3420.44,3423.58,3420.36,3423.37,2313
2025-07-23 09:15:00,3423.37,3424.65,3421.05,3423.21,2673
2025-07-23 09:30:00,3423.36,3424.28,3419.53,3423.63,3146
2025-07-23 09:45:00,3423.63,3425.2,3423.43,3424.88,2298
2025-07-23 10:00:00,3425.0,3428.74,3422.82,3428.35,2962
2025-07-23 10:15:00,3428.39,3429.65,3425.97,3426.93,2440
2025-07-23 10:30:00,3426.93,3427.77,3422.74,3423.03,2410
2025-07-23 10:45:00,3423.02,3423.07,3419.87,3420.9,2195
2025-07-23 11:00:00,3420.83,3425.2,3420.61,3424.98,2285
2025-07-23 11:15:00,3425.02,3428.34,3424.05,3424.24,2242
2025-07-23 11:30:00,3424.26,3426.9,3423.77,3426.9,1596
2025-07-23 11:45:00,3426.9,3428.68,3424.5,3428.36,1541
2025-07-23 12:00:00,3428.42,3430.84,3428.29,3430.02,1377
2025-07-23 12:15:00,3430.04,3433.69,3429.95,3431.52,1698
2025-07-23 12:30:00,3431.45,3432.91,3430.05,3431.12,1452
2025-07-23 12:45:00,3431.11,3431.88,3430.38,3431.1,1577
2025-07-23 13:00:00,3431.09,3431.39,3424.01,3424.74,2264
2025-07-23 13:15:00,3424.22,3424.73,3421.93,3423.36,2302
2025-07-23 13:30:00,3423.37,3424.27,3421.48,3422.86,1750
2025-07-23 13:45:00,3422.9,3423.65,3421.18,3422.69,1669
2025-07-23 14:00:00,3422.66,3423.13,3420.38,3421.69,1912
2025-07-23 14:15:00,3421.69,3425.32,3420.4,3425.31,1848
2025-07-23 14:30:00,3425.3,3429.4,3425.3,3428.83,1927
2025-07-23 14:45:00,3428.64,3429.81,3427.77,3428.19,1938
2025-07-23 15:00:00,3428.17,3429.94,3427.52,3427.99,2151
2025-07-23 15:15:00,3427.92,3429.17,3424.17,3425.81,2454
2025-07-23 15:30:00,3425.78,3427.4,3422.96,3426.19,2607
2025-07-23 15:45:00,3426.32,3427.28,3419.86,3419.95,3164
2025-07-23 16:00:00,3420.0,3420.59,3412.26,3416.0,4740
2025-07-23 16:15:00,3415.93,3417.46,3408.09,3409.07,3894
2025-07-23 16:30:00,3409.28,3412.8,3405.6,3412.46,4916
2025-07-23 16:45:00,3412.44,3414.47,3411.6,3413.24,3770
2025-07-23 17:00:00,3413.27,3419.8,3412.9,3416.78,3848
2025-07-23 17:15:00,3416.77,3416.92,3410.69,3412.18,3403
2025-07-23 17:30:00,3412.17,3416.69,3410.77,3414.2,3385
2025-07-23 17:45:00,3414.21,3415.8,3411.72,3413.56,3074
2025-07-23 18:00:00,3413.56,3415.34,3410.33,3414.85,3083
2025-07-23 18:15:00,3414.87,3415.8,3411.82,3412.3,2418
2025-07-23 18:30:00,3412.25,3413.45,3410.06,3410.34,2633
2025-07-23 18:45:00,3410.34,3410.96,3398.06,3398.06,4116
2025-07-23 19:00:00,3398.03,3398.09,3384.12,3388.53,6623
2025-07-23 19:15:00,3388.65,3390.68,3381.43,3383.68,5391
2025-07-23 19:30:00,3383.64,3390.88,3381.61,3390.09,4283
2025-07-23 19:45:00,3390.0,3390.82,3385.53,3387.3,3191
2025-07-23 20:00:00,3387.29,3390.04,3385.79,3390.03,2955
2025-07-23 20:15:00,3390.04,3390.65,3385.68,3388.67,3166
2025-07-23 20:30:00,3388.78,3388.95,3385.74,3387.48,2453
2025-07-23 20:45:00,3387.52,3394.93,3387.49,3393.27,3316
2025-07-23 21:00:00,3393.27,3393.94,3391.98,3393.73,2005
2025-07-23 21:15:00,3393.75,3395.98,3393.56,3394.2,2032
2025-07-23 21:30:00,3394.2,3395.91,3393.18,3393.47,2152
2025-07-23 21:45:00,3393.46,3394.04,3392.89,3393.63,1630
2025-07-23 22:00:00,3393.74,3395.85,3392.37,3393.32,2076
2025-07-23 22:15:00,3393.32,3394.78,3390.94,3391.08,1825
2025-07-23 22:30:00,3391.05,3391.69,3389.57,3389.65,1687
2025-07-23 22:45:00,3389.75,3392.04,3388.53,3390.17,2043
2025-07-23 23:00:00,3390.14,3390.41,3388.16,3389.22,948
2025-07-23 23:15:00,3389.2,3389.73,3388.13,3388.2,986
2025-07-23 23:30:00,3388.18,3389.82,3387.87,3388.9,745
2025-07-23 23:45:00,3388.95,3389.33,3387.53,3387.67,505
2025-07-24 01:00:00,3389.93,3392.4,3387.92,3391.16,861
2025-07-24 01:15:00,3391.16,3391.29,3387.82,3388.71,769
2025-07-24 01:30:00,3388.69,3389.51,3387.92,3388.47,424
2025-07-24 01:45:00,3388.49,3389.03,3386.86,3386.92,443
2025-07-24 02:00:00,3386.92,3388.75,3386.63,3388.67,645
2025-07-24 02:15:00,3388.69,3390.86,3388.47,3390.51,783
2025-07-24 02:30:00,3390.5,3391.0,3389.54,3389.57,504
2025-07-24 02:45:00,3389.59,3391.7,3388.16,3390.03,1150
2025-07-24 03:00:00,3390.09,3393.1,3388.98,3390.19,1489
2025-07-24 03:15:00,3390.18,3390.73,3388.44,3389.4,966
2025-07-24 03:30:00,3389.4,3391.23,3388.98,3391.2,1117
2025-07-24 03:45:00,3391.21,3392.62,3390.82,3391.36,1290
2025-07-24 04:00:00,3391.61,3393.39,3384.15,3389.94,4129
2025-07-24 04:15:00,3390.02,3392.45,3388.86,3389.09,2589
2025-07-24 04:30:00,3389.09,3390.82,3386.47,3388.87,2708
2025-07-24 04:45:00,3389.04,3390.93,3387.02,3387.51,2603
2025-07-24 05:00:00,3387.52,3388.55,3380.67,3382.07,3040
2025-07-24 05:15:00,3381.94,3389.04,3381.62,3387.35,2381
2025-07-24 05:30:00,3387.48,3388.42,3383.2,3384.93,2999
2025-07-24 05:45:00,3384.94,3386.31,3382.48,3383.81,2082
2025-07-24 06:00:00,3383.81,3383.83,3374.38,3378.96,3898
2025-07-24 06:15:00,3378.93,3380.3,3377.34,3379.65,2662
2025-07-24 06:30:00,3379.66,3384.69,3378.96,3384.48,1586
2025-07-24 06:45:00,3384.43,3385.94,3383.62,3383.62,1530
2025-07-24 07:00:00,3383.58,3385.21,3382.97,3383.22,1138
2025-07-24 07:15:00,3383.22,3384.48,3382.35,3383.45,1002
2025-07-24 07:30:00,3383.45,3384.29,3382.73,3383.09,939
2025-07-24 07:45:00,3383.16,3383.32,3380.99,3382.41,1436
2025-07-24 08:00:00,3382.41,3382.85,3378.88,3380.11,1475
2025-07-24 08:15:00,3380.09,3381.14,3378.95,3380.84,1661
2025-07-24 08:30:00,3380.84,3381.64,3374.56,3377.7,2519
2025-07-24 08:45:00,3377.7,3380.11,3374.35,3379.34,2501
2025-07-24 09:00:00,3379.46,3379.73,3374.95,3375.22,2581
2025-07-24 09:15:00,3375.17,3378.01,3371.48,3371.73,2464
2025-07-24 09:30:00,3371.68,3376.98,3369.96,3375.21,2797
2025-07-24 09:45:00,3375.21,3376.86,3372.93,3375.68,2212
2025-07-24 10:00:00,3375.69,3377.53,3373.2,3377.38,1941
2025-07-24 10:15:00,3377.23,3377.43,3374.66,3376.27,1664
2025-07-24 10:30:00,3376.26,3377.33,3374.2,3377.01,1649
2025-07-24 10:45:00,3377.0,3377.28,3366.0,3367.81,2823
2025-07-24 11:00:00,3367.83,3369.7,3365.69,3369.28,2313
2025-07-24 11:15:00,3369.28,3373.22,3368.34,3372.47,2302
2025-07-24 11:30:00,3372.32,3374.59,3371.97,3373.41,1592
2025-07-24 11:45:00,3373.43,3373.66,3369.33,3369.45,2183
2025-07-24 12:00:00,3369.45,3370.12,3366.04,3366.16,1800
2025-07-24 12:15:00,3366.16,3366.39,3362.51,3363.14,2084
2025-07-24 12:30:00,3363.06,3365.08,3361.88,3363.14,2188
2025-07-24 12:45:00,3363.16,3364.25,3361.91,3363.58,1718
2025-07-24 13:00:00,3363.54,3364.36,3362.14,3362.76,1387
2025-07-24 13:15:00,3362.77,3365.36,3362.13,3364.46,1520
2025-07-24 13:30:00,3364.46,3365.21,3362.63,3364.87,1612
2025-07-24 13:45:00,3364.87,3367.14,3362.9,3364.28,1723
2025-07-24 14:00:00,3364.31,3366.46,3363.63,3365.45,1694
2025-07-24 14:15:00,3365.45,3365.88,3362.63,3363.34,1349
2025-07-24 14:30:00,3363.12,3366.01,3361.31,3362.4,2099
2025-07-24 14:45:00,3362.44,3364.31,3361.7,3362.13,1683
2025-07-24 15:00:00,3362.06,3363.93,3358.14,3361.76,2827
2025-07-24 15:15:00,3361.75,3364.64,3361.08,3361.7,2520
2025-07-24 15:30:00,3361.68,3365.41,3357.95,3360.89,3804
2025-07-24 15:45:00,3360.89,3361.36,3352.56,3353.15,4352
2025-07-24 16:00:00,3353.27,3359.27,3351.24,3358.02,4412
2025-07-24 16:15:00,3357.99,3360.21,3355.17,3359.13,3026
2025-07-24 16:30:00,3358.81,3367.97,3356.47,3365.88,5576
2025-07-24 16:45:00,3364.46,3372.18,3364.46,3366.85,5188
2025-07-24 17:00:00,3366.83,3371.53,3365.67,3370.76,4593
2025-07-24 17:15:00,3370.77,3374.44,3369.32,3373.17,3878
2025-07-24 17:30:00,3373.32,3377.34,3373.32,3376.28,3246
2025-07-24 17:45:00,3376.27,3376.29,3372.37,3373.63,3540
2025-07-24 18:00:00,3373.65,3374.52,3370.83,3370.83,3453
2025-07-24 18:15:00,3370.84,3375.02,3370.37,3374.57,2941
2025-07-24 18:30:00,3374.6,3375.22,3373.0,3373.48,2556
2025-07-24 18:45:00,3373.44,3373.95,3370.97,3372.58,2560
2025-07-24 19:00:00,3372.55,3373.74,3369.86,3371.25,2119
2025-07-24 19:15:00,3371.26,3372.91,3369.62,3369.94,1895
2025-07-24 19:30:00,3369.95,3371.36,3367.97,3370.65,2165
2025-07-24 19:45:00,3370.63,3370.76,3366.89,3366.92,2183
2025-07-24 20:00:00,3366.91,3369.87,3366.22,3369.05,1835
2025-07-24 20:15:00,3369.05,3371.72,3367.87,3371.43,2137
2025-07-24 20:30:00,3371.33,3371.52,3370.33,3370.87,1740
2025-07-24 20:45:00,3370.87,3371.42,3368.61,3369.97,1361
2025-07-24 21:00:00,3369.93,3370.15,3367.42,3367.97,1332
2025-07-24 21:15:00,3367.96,3369.55,3367.57,3369.45,1550
2025-07-24 21:30:00,3369.46,3373.32,3369.44,3372.65,1593
2025-07-24 21:45:00,3372.65,3373.44,3371.04,3371.9,1585
2025-07-24 22:00:00,3371.89,3372.75,3371.32,3371.74,1393
2025-07-24 22:15:00,3371.74,3373.1,3371.68,3372.14,1326
2025-07-24 22:30:00,3372.13,3372.64,3371.51,3371.8,1405
2025-07-24 22:45:00,3371.79,3372.4,3370.15,3370.44,1376
2025-07-24 23:00:00,3370.44,3371.2,3369.55,3369.73,806
2025-07-24 23:15:00,3369.8,3370.1,3368.95,3369.7,868
2025-07-24 23:30:00,3369.69,3370.07,3368.27,3368.38,869
2025-07-24 23:45:00,3368.35,3368.63,3367.13,3367.53,602
2025-07-25 01:00:00,3368.32,3369.83,3366.91,3367.05,699
2025-07-25 01:15:00,3367.08,3367.52,3364.96,3366.45,1145
2025-07-25 01:30:00,3366.35,3367.13,3365.7,3366.7,896
2025-07-25 01:45:00,3366.74,3369.22,3366.6,3368.72,978
2025-07-25 02:00:00,3368.77,3371.38,3368.32,3370.6,1144
2025-07-25 02:15:00,3370.6,3370.69,3367.69,3367.97,802
2025-07-25 02:30:00,3367.95,3370.13,3366.73,3369.44,804
2025-07-25 02:45:00,3369.43,3369.85,3368.32,3369.47,769
2025-07-25 03:00:00,3369.47,3370.56,3368.44,3370.36,1230
2025-07-25 03:15:00,3370.36,3372.11,3370.03,3371.84,1198
2025-07-25 03:30:00,3371.84,3372.66,3370.96,3371.94,721
2025-07-25 03:45:00,3371.91,3373.32,3370.85,3372.2,1087
2025-07-25 04:00:00,3372.2,3372.66,3369.01,3369.96,1964
2025-07-25 04:15:00,3369.99,3370.29,3366.24,3367.81,1847
2025-07-25 04:30:00,3367.81,3368.46,3366.54,3368.44,1404
2025-07-25 04:45:00,3368.39,3371.47,3368.26,3370.45,2079
2025-07-25 05:00:00,3370.4,3370.47,3365.44,3365.89,2009
2025-07-25 05:15:00,3365.9,3366.54,3363.59,3366.32,1366
2025-07-25 05:30:00,3366.26,3366.75,3363.34,3363.84,1476
2025-07-25 05:45:00,3363.81,3364.33,3362.34,3362.91,1449
2025-07-25 06:00:00,3362.93,3363.47,3360.87,3361.0,1905
2025-07-25 06:15:00,3361.01,3362.9,3360.85,3361.29,1199
2025-07-25 06:30:00,3361.24,3361.82,3359.98,3360.76,1007
2025-07-25 06:45:00,3360.76,3361.68,3358.55,3359.13,945
2025-07-25 07:00:00,3359.06,3363.35,3359.06,3362.42,1662
2025-07-25 07:15:00,3362.42,3362.57,3360.11,3360.72,784
2025-07-25 07:30:00,3360.7,3362.32,3357.74,3358.3,1264
2025-07-25 07:45:00,3358.29,3362.07,3358.29,3360.98,1209
2025-07-25 08:00:00,3360.98,3362.24,3359.85,3359.92,893
2025-07-25 08:15:00,3359.86,3360.97,3358.47,3358.8,1042
2025-07-25 08:30:00,3358.79,3359.39,3356.13,3356.39,1927
2025-07-25 08:45:00,3356.39,3358.75,3355.16,3358.71,1925
2025-07-25 09:00:00,3358.83,3359.67,3355.09,3356.84,2240
2025-07-25 09:15:00,3356.83,3358.2,3355.12,3356.08,1803
2025-07-25 09:30:00,3356.03,3358.7,3354.58,3358.55,1939
2025-07-25 09:45:00,3358.54,3359.33,3356.3,3359.23,1471
2025-07-25 10:00:00,3359.19,3359.22,3356.66,3357.54,1395
2025-07-25 10:15:00,3357.6,3360.0,3357.3,3358.72,1464
2025-07-25 10:30:00,3358.72,3358.88,3352.6,3353.43,1905
2025-07-25 10:45:00,3353.42,3355.4,3353.11,3354.09,1457
2025-07-25 11:00:00,3353.98,3355.27,3353.23,3354.01,1414
2025-07-25 11:15:00,3354.0,3354.24,3345.42,3345.5,2242
2025-07-25 11:30:00,3345.51,3349.22,3344.5,3347.68,2008
2025-07-25 11:45:00,3347.69,3348.69,3344.9,3345.42,1535
2025-07-25 12:00:00,3345.43,3346.6,3343.0,3344.79,1816
2025-07-25 12:15:00,3344.79,3348.6,3344.76,3347.22,1404
2025-07-25 12:30:00,3347.23,3348.75,3346.41,3347.14,1152
2025-07-25 12:45:00,3347.12,3347.78,3345.48,3345.9,1222
2025-07-25 13:00:00,3345.89,3348.12,3345.16,3346.23,1283
2025-07-25 13:15:00,3346.22,3346.6,3343.45,3343.81,1283
2025-07-25 13:30:00,3343.77,3345.7,3342.53,3344.15,1604
2025-07-25 13:45:00,3344.19,3344.28,3340.95,3342.98,1684
2025-07-25 14:00:00,3343.19,3345.21,3342.17,3342.23,1612
2025-07-25 14:15:00,3342.22,3343.16,3339.51,3339.83,1606
2025-07-25 14:30:00,3339.83,3341.32,3338.65,3340.29,1674
2025-07-25 14:45:00,3340.29,3343.56,3340.26,3340.96,2019
2025-07-25 15:00:00,3340.99,3342.8,3339.67,3342.1,2181
2025-07-25 15:15:00,3342.1,3344.15,3340.39,3341.24,2425
2025-07-25 15:30:00,3341.24,3341.63,3336.35,3340.49,2611
2025-07-25 15:45:00,3340.49,3341.69,3337.16,3340.77,2428
2025-07-25 16:00:00,3340.51,3342.53,3337.25,3338.85,4082
2025-07-25 16:15:00,3338.83,3343.27,3336.73,3341.92,3243
2025-07-25 16:30:00,3342.0,3347.4,3339.32,3340.01,4678
2025-07-25 16:45:00,3339.99,3345.57,3339.99,3343.74,3985
2025-07-25 17:00:00,3343.86,3344.84,3339.91,3339.92,3876
2025-07-25 17:15:00,3339.93,3340.24,3333.75,3338.06,4465
2025-07-25 17:30:00,3337.92,3338.79,3332.27,3336.21,4200
2025-07-25 17:45:00,3336.2,3336.46,3330.43,3331.3,4536
2025-07-25 18:00:00,3331.34,3333.92,3328.05,3332.32,4824
2025-07-25 18:15:00,3332.31,3335.95,3329.87,3330.32,3829
2025-07-25 18:30:00,3330.31,3332.41,3325.0,3327.17,4008
2025-07-25 18:45:00,3327.22,3329.63,3326.47,3327.75,3233
2025-07-25 19:00:00,3327.75,3329.51,3326.55,3329.19,2492
2025-07-25 19:15:00,3329.18,3331.06,3328.77,3328.86,2520
2025-07-25 19:30:00,3328.86,3330.37,3326.12,3329.84,2007
2025-07-25 19:45:00,3329.85,3331.31,3327.79,3329.81,1881
2025-07-25 20:00:00,3329.88,3333.45,3329.64,3333.16,2118
2025-07-25 20:15:00,3333.17,3335.06,3332.8,3334.28,2146
2025-07-25 20:30:00,3334.57,3335.6,3333.5,3335.5,1560
2025-07-25 20:45:00,3335.45,3336.76,3334.89,3336.01,1456
2025-07-25 21:00:00,3336.04,3338.7,3335.89,3338.48,1699
2025-07-25 21:15:00,3338.49,3339.28,3337.68,3338.38,1721
2025-07-25 21:30:00,3338.45,3338.95,3337.83,3338.63,856
2025-07-25 21:45:00,3338.62,3339.33,3338.38,3338.78,1137
2025-07-25 22:00:00,3338.78,3340.22,3338.38,3340.13,1569
2025-07-25 22:15:00,3340.16,3340.21,3339.16,3339.59,985
2025-07-25 22:30:00,3339.59,3339.99,3338.62,3338.81,1269
2025-07-25 22:45:00,3338.81,3339.14,3337.14,3337.8,2045
2025-07-25 23:00:00,3337.76,3338.31,3336.81,3337.15,913
2025-07-25 23:15:00,3337.15,3337.81,3336.58,3337.24,727
2025-07-25 23:30:00,3337.26,3339.09,3337.05,3338.83,821
2025-07-25 23:45:00,3338.74,3338.86,3336.37,3336.52,383
2025-07-28 01:00:00,3323.82,3335.26,3323.24,3332.88,2669
2025-07-28 01:15:00,3332.83,3333.71,3330.19,3330.65,1219
2025-07-28 01:30:00,3330.48,3332.41,3328.0,3328.56,1368
2025-07-28 01:45:00,3328.56,3330.39,3323.71,3329.53,1792
2025-07-28 02:00:00,3329.47,3337.3,3329.33,3335.3,1814
2025-07-28 02:15:00,3335.29,3337.17,3333.26,3333.48,1191
2025-07-28 02:30:00,3333.47,3333.67,3329.55,3333.0,1228
2025-07-28 02:45:00,3332.99,3333.56,3329.69,3333.43,1189
2025-07-28 03:00:00,3333.44,3336.04,3332.99,3333.59,1612
2025-07-28 03:15:00,3333.59,3334.79,3331.2,3332.37,1507
2025-07-28 03:30:00,3332.38,3334.19,3329.24,3329.61,1716
2025-07-28 03:45:00,3329.69,3333.49,3327.68,3333.26,2108
2025-07-28 04:00:00,3333.26,3338.51,3329.95,3335.07,3402
2025-07-28 04:15:00,3335.11,3338.43,3334.13,3335.46,2431
2025-07-28 04:30:00,3335.45,3338.72,3334.96,3337.48,2237
2025-07-28 04:45:00,3337.49,3337.6,3331.28,3331.99,2403
2025-07-28 05:00:00,3331.99,3333.75,3330.57,3332.78,2074
2025-07-28 05:15:00,3332.78,3335.48,3332.09,3335.38,1168
2025-07-28 05:30:00,3335.37,3336.48,3331.51,3332.74,1880
2025-07-28 05:45:00,3332.59,3335.85,3332.21,3335.63,1249
2025-07-28 06:00:00,3335.53,3338.44,3334.46,3338.07,1349
2025-07-28 06:15:00,3338.07,3338.98,3336.19,3336.74,1556
2025-07-28 06:30:00,3336.64,3339.02,3336.34,3338.9,868
2025-07-28 06:45:00,3338.99,3343.31,3338.85,3343.3,1462
2025-07-28 07:00:00,3343.22,3344.05,3340.57,3342.2,1375
2025-07-28 07:15:00,3342.19,3343.56,3339.77,3340.63,1357
2025-07-28 07:30:00,3340.64,3341.59,3339.83,3340.16,908
2025-07-28 07:45:00,3340.22,3341.64,3339.41,3339.67,814
2025-07-28 08:00:00,3339.68,3340.57,3338.61,3338.91,1120
2025-07-28 08:15:00,3338.92,3339.34,3338.09,3338.6,924
2025-07-28 08:30:00,3338.59,3341.01,3337.9,3339.23,1719
2025-07-28 08:45:00,3339.24,3344.11,3339.24,3343.21,1795
2025-07-28 09:00:00,3343.03,3345.41,3341.21,3342.19,2302
2025-07-28 09:15:00,3342.19,3342.52,3338.82,3339.4,1842
2025-07-28 09:30:00,3339.4,3339.47,3335.8,3338.62,2111
2025-07-28 09:45:00,3338.63,3340.95,3337.29,3339.98,1860
2025-07-28 10:00:00,3340.0,3341.49,3338.63,3339.91,1833
2025-07-28 10:15:00,3339.85,3341.95,3338.94,3340.17,1591
2025-07-28 10:30:00,3340.16,3340.16,3334.95,3337.89,2094
2025-07-28 10:45:00,3337.88,3338.26,3333.89,3335.1,1740
2025-07-28 11:00:00,3335.04,3338.74,3334.8,3337.46,1734
2025-07-28 11:15:00,3337.47,3338.36,3336.18,3336.5,1459
2025-07-28 11:30:00,3336.46,3337.48,3332.36,3333.94,1855
2025-07-28 11:45:00,3333.94,3335.92,3332.38,3335.9,1532
2025-07-28 12:00:00,3335.92,3338.75,3335.8,3337.94,1715
2025-07-28 12:15:00,3337.62,3340.66,3337.42,3339.24,1643
2025-07-28 12:30:00,3339.23,3339.25,3335.94,3337.66,1667
2025-07-28 12:45:00,3337.66,3339.05,3336.05,3337.79,1164
2025-07-28 13:00:00,3337.78,3338.76,3336.33,3337.77,1058
2025-07-28 13:15:00,3337.73,3338.71,3335.43,3337.24,1750
2025-07-28 13:30:00,3337.21,3338.19,3334.26,3336.44,1986
2025-07-28 13:45:00,3336.28,3338.28,3335.72,3335.88,1510
2025-07-28 14:00:00,3335.9,3337.42,3335.63,3336.24,1316
2025-07-28 14:15:00,3336.25,3336.66,3334.46,3335.56,1392
2025-07-28 14:30:00,3335.56,3336.76,3335.0,3336.64,1137
2025-07-28 14:45:00,3336.65,3338.3,3336.14,3336.47,1377
2025-07-28 15:00:00,3336.57,3338.28,3332.96,3333.24,2381
2025-07-28 15:15:00,3333.14,3335.46,3328.31,3330.49,3282
2025-07-28 15:30:00,3330.49,3331.32,3326.3,3327.9,2936
2025-07-28 15:45:00,3327.88,3330.11,3325.54,3328.37,2495
2025-07-28 16:00:00,3328.31,3330.51,3328.13,3328.75,2611
2025-07-28 16:15:00,3328.91,3330.54,3326.57,3328.57,2569
2025-07-28 16:30:00,3328.54,3329.24,3321.9,3321.9,4345
2025-07-28 16:45:00,3321.93,3322.53,3301.72,3302.3,6294
2025-07-28 17:00:00,3302.25,3308.91,3301.75,3308.54,4871
2025-07-28 17:15:00,3308.52,3314.25,3306.71,3312.04,4506
2025-07-28 17:30:00,3312.03,3313.69,3308.38,3312.91,4168
2025-07-28 17:45:00,3312.91,3314.83,3305.84,3307.99,3802
2025-07-28 18:00:00,3308.0,3311.28,3306.66,3309.73,3696
2025-07-28 18:15:00,3309.71,3315.13,3308.83,3313.72,2951
2025-07-28 18:30:00,3313.75,3317.14,3313.17,3315.63,2847
2025-07-28 18:45:00,3315.63,3316.19,3314.1,3314.75,2442
2025-07-28 19:00:00,3314.74,3314.84,3311.47,3313.3,2276
2025-07-28 19:15:00,3313.3,3314.47,3311.78,3313.73,2085
2025-07-28 19:30:00,3313.72,3314.92,3312.86,3313.63,1774
2025-07-28 19:45:00,3313.65,3313.86,3311.36,3312.19,2077
2025-07-28 20:00:00,3312.2,3312.23,3308.73,3309.78,2054
2025-07-28 20:15:00,3309.78,3313.19,3309.65,3310.49,2598
2025-07-28 20:30:00,3310.45,3312.22,3309.49,3310.24,1900
2025-07-28 20:45:00,3310.24,3311.19,3309.79,3310.75,1526
2025-07-28 21:00:00,3310.77,3311.71,3310.24,3311.34,1308
2025-07-28 21:15:00,3311.33,3313.77,3311.05,3313.71,1480
2025-07-28 21:30:00,3313.69,3315.53,3313.21,3314.22,1777
2025-07-28 21:45:00,3314.22,3314.25,3312.96,3313.59,1762
2025-07-28 22:00:00,3313.59,3316.31,3313.59,3315.19,2022
2025-07-28 22:15:00,3315.19,3315.21,3312.89,3314.14,1512
2025-07-28 22:30:00,3314.14,3316.29,3314.06,3315.65,1849
2025-07-28 22:45:00,3315.57,3318.7,3315.25,3317.1,2559
2025-07-28 23:00:00,3317.08,3318.36,3316.74,3318.07,839
2025-07-28 23:15:00,3318.08,3318.23,3316.88,3318.01,845
2025-07-28 23:30:00,3318.04,3318.3,3316.51,3317.06,887
2025-07-28 23:45:00,3317.13,3317.19,3314.27,3314.82,781
2025-07-29 01:00:00,3313.39,3314.25,3310.3,3312.4,1237
2025-07-29 01:15:00,3312.46,3315.18,3311.87,3312.5,1619
2025-07-29 01:30:00,3312.46,3315.14,3311.87,3313.86,1183
2025-07-29 01:45:00,3313.73,3314.99,3313.61,3314.54,553
2025-07-29 02:00:00,3314.27,3314.61,3312.84,3313.61,647
2025-07-29 02:15:00,3313.58,3313.84,3311.2,3311.34,654
2025-07-29 02:30:00,3311.39,3312.75,3310.36,3312.46,611
2025-07-29 02:45:00,3312.42,3314.46,3311.77,3312.53,826
2025-07-29 03:00:00,3312.53,3315.82,3309.14,3310.91,1741
2025-07-29 03:15:00,3310.91,3312.09,3308.32,3308.75,1142
2025-07-29 03:30:00,3308.78,3311.03,3308.06,3308.57,1277
2025-07-29 03:45:00,3308.57,3312.5,3308.33,3311.73,1587
2025-07-29 04:00:00,3311.66,3312.38,3308.51,3311.29,2578
2025-07-29 04:15:00,3311.35,3314.65,3310.64,3313.89,1722
2025-07-29 04:30:00,3313.89,3320.67,3313.71,3319.5,2097
2025-07-29 04:45:00,3319.51,3320.76,3316.6,3318.7,2014
2025-07-29 05:00:00,3318.69,3320.04,3317.42,3317.94,1813
2025-07-29 05:15:00,3317.97,3320.14,3317.83,3319.77,1206
2025-07-29 05:30:00,3319.81,3320.24,3317.71,3319.1,1425
2025-07-29 05:45:00,3319.11,3320.18,3317.71,3318.83,1550
2025-07-29 06:00:00,3318.72,3318.83,3315.82,3316.57,1520
2025-07-29 06:15:00,3316.58,3316.7,3314.4,3314.98,1317
2025-07-29 06:30:00,3315.02,3315.12,3311.09,3313.38,1378
2025-07-29 06:45:00,3313.25,3315.03,3312.13,3312.39,1369
2025-07-29 07:00:00,3312.37,3313.97,3312.26,3313.16,1036
2025-07-29 07:15:00,3313.16,3313.66,3309.08,3310.76,1234
2025-07-29 07:30:00,3310.77,3313.7,3310.62,3313.55,1145
2025-07-29 07:45:00,3313.55,3317.45,3313.23,3316.5,1295
2025-07-29 08:00:00,3316.5,3317.07,3314.17,3314.98,1086
2025-07-29 08:15:00,3315.01,3317.46,3314.19,3317.36,1140
2025-07-29 08:30:00,3317.34,3318.67,3315.72,3317.57,1654
2025-07-29 08:45:00,3317.57,3320.01,3317.02,3319.89,1612
2025-07-29 09:00:00,3319.94,3320.09,3316.08,3319.85,2181
2025-07-29 09:15:00,3319.8,3321.51,3319.05,3321.17,1958
2025-07-29 09:30:00,3321.17,3321.52,3316.66,3319.28,2827
2025-07-29 09:45:00,3319.18,3322.41,3316.8,3317.23,3214
2025-07-29 10:00:00,3317.31,3318.79,3311.18,3313.67,3289
2025-07-29 10:15:00,3313.66,3317.12,3312.14,3314.25,2141
2025-07-29 10:30:00,3314.24,3317.23,3312.65,3316.82,1859
2025-07-29 10:45:00,3316.82,3318.27,3314.74,3317.03,1692
2025-07-29 11:00:00,3317.01,3327.3,3316.64,3327.21,2759
2025-07-29 11:15:00,3327.24,3329.93,3325.97,3327.56,2244
2025-07-29 11:30:00,3327.53,3328.62,3324.68,3327.13,1887
2025-07-29 11:45:00,3327.04,3328.43,3325.29,3326.3,1862
2025-07-29 12:00:00,3326.15,3326.37,3321.89,3324.23,2849
2025-07-29 12:15:00,3324.24,3326.5,3320.77,3325.01,2431
2025-07-29 12:30:00,3325.02,3326.93,3324.03,3325.33,1899
2025-07-29 12:45:00,3325.32,3328.11,3323.94,3324.47,1563
2025-07-29 13:00:00,3324.53,3325.23,3323.52,3324.11,1190
2025-07-29 13:15:00,3324.15,3325.36,3323.49,3324.98,994
2025-07-29 13:30:00,3324.98,3326.36,3324.44,3325.69,1250
2025-07-29 13:45:00,3325.71,3325.71,3321.97,3322.14,1614
2025-07-29 14:00:00,3322.15,3322.2,3318.11,3319.75,2051
2025-07-29 14:15:00,3319.76,3321.43,3318.71,3320.54,1661
2025-07-29 14:30:00,3320.5,3320.7,3314.97,3316.74,1963
2025-07-29 14:45:00,3316.75,3318.34,3314.88,3315.23,2289
2025-07-29 15:00:00,3315.19,3321.97,3315.19,3320.48,2318
2025-07-29 15:15:00,3320.56,3323.28,3317.64,3321.74,2478
2025-07-29 15:30:00,3321.73,3322.88,3318.51,3321.56,2919
2025-07-29 15:45:00,3321.55,3324.51,3321.09,3323.26,2461
2025-07-29 16:00:00,3323.29,3324.21,3319.43,3320.73,3059
2025-07-29 16:15:00,3320.82,3324.04,3319.94,3321.33,2575
2025-07-29 16:30:00,3321.19,3321.98,3312.83,3320.06,5326
2025-07-29 16:45:00,3320.04,3320.66,3314.33,3316.6,3889
2025-07-29 17:00:00,3316.75,3319.42,3312.09,3317.68,4409
2025-07-29 17:15:00,3317.7,3325.01,3317.12,3324.33,4012
2025-07-29 17:30:00,3324.32,3328.27,3323.06,3327.38,3441
2025-07-29 17:45:00,3327.41,3329.6,3326.92,3328.93,3269
2025-07-29 18:00:00,3328.98,3334.04,3326.73,3329.78,3772
2025-07-29 18:15:00,3329.79,3330.56,3324.39,3325.8,3332
2025-07-29 18:30:00,3325.81,3326.82,3322.22,3322.58,3092
2025-07-29 18:45:00,3322.59,3323.87,3319.56,3320.68,2770
2025-07-29 19:00:00,3320.71,3322.31,3319.06,3322.2,2217
2025-07-29 19:15:00,3322.21,3323.41,3320.74,3322.35,1712
2025-07-29 19:30:00,3322.34,3323.76,3320.82,3322.95,2151
2025-07-29 19:45:00,3322.97,3324.74,3322.43,3323.06,2133
2025-07-29 20:00:00,3323.06,3325.84,3322.9,3325.04,1685
2025-07-29 20:15:00,3325.04,3327.96,3323.88,3326.5,2036
2025-07-29 20:30:00,3326.51,3328.21,3325.26,3328.03,1879
2025-07-29 20:45:00,3328.05,3329.23,3327.36,3328.27,2170
2025-07-29 21:00:00,3328.26,3329.13,3327.91,3327.98,1764
2025-07-29 21:15:00,3328.0,3330.77,3327.94,3329.92,1745
2025-07-29 21:30:00,3329.96,3330.72,3329.43,3330.09,1282
2025-07-29 21:45:00,3330.09,3330.09,3325.23,3325.8,1577
2025-07-29 22:00:00,3325.81,3326.96,3325.12,3326.15,1678
2025-07-29 22:15:00,3326.15,3328.64,3325.46,3327.56,1711
2025-07-29 22:30:00,3327.35,3327.42,3322.59,3322.97,2133
2025-07-29 22:45:00,3323.05,3325.46,3322.72,3325.0,2497
2025-07-29 23:00:00,3325.05,3326.05,3324.82,3325.59,1126
2025-07-29 23:15:00,3325.5,3326.22,3324.7,3326.06,803
2025-07-29 23:30:00,3326.06,3326.58,3325.57,3326.57,737
2025-07-29 23:45:00,3326.58,3326.62,3325.12,3325.46,589
2025-07-30 01:00:00,3326.58,3328.07,3325.94,3326.84,623
2025-07-30 01:15:00,3326.84,3329.12,3326.71,3328.75,446
2025-07-30 01:30:00,3328.76,3328.83,3326.17,3326.66,475
2025-07-30 01:45:00,3326.62,3327.9,3326.53,3327.71,321
2025-07-30 02:00:00,3327.8,3328.23,3327.38,3327.59,343
2025-07-30 02:15:00,3327.59,3328.27,3326.77,3327.52,363
2025-07-30 02:30:00,3327.51,3327.52,3326.34,3326.97,549
2025-07-30 02:45:00,3326.96,3327.98,3325.9,3327.62,768
2025-07-30 03:00:00,3327.5,3330.34,3327.23,3330.02,1315
2025-07-30 03:15:00,3330.01,3330.41,3328.43,3328.78,1023
2025-07-30 03:30:00,3328.77,3330.6,3328.36,3329.38,1105
2025-07-30 03:45:00,3329.36,3333.83,3329.24,3330.18,1631
2025-07-30 04:00:00,3330.06,3331.25,3327.88,3330.17,2318
2025-07-30 04:15:00,3330.17,3333.34,3328.8,3329.71,1607
2025-07-30 04:30:00,3329.68,3329.7,3322.78,3322.79,2457
2025-07-30 04:45:00,3322.76,3323.72,3321.77,3323.24,1901
2025-07-30 05:00:00,3323.23,3330.14,3323.23,3329.13,2263
2025-07-30 05:15:00,3329.16,3332.39,3329.14,3330.82,1736
2025-07-30 05:30:00,3330.77,3331.99,3325.99,3326.87,1512
2025-07-30 05:45:00,3326.84,3330.81,3326.04,3329.31,1463
2025-07-30 06:00:00,3329.32,3329.91,3326.29,3326.44,1357
2025-07-30 06:15:00,3326.46,3329.14,3326.02,3328.42,1300
2025-07-30 06:30:00,3328.41,3328.89,3326.93,3327.83,882
2025-07-30 06:45:00,3327.83,3329.2,3327.19,3328.33,723
2025-07-30 07:00:00,3328.32,3328.49,3326.08,3327.02,948
2025-07-30 07:15:00,3327.05,3329.31,3326.99,3329.14,750
2025-07-30 07:30:00,3329.13,3329.71,3327.52,3328.2,676
2025-07-30 07:45:00,3328.17,3328.17,3325.64,3327.23,932
2025-07-30 08:00:00,3327.24,3327.82,3325.0,3326.91,1065
2025-07-30 08:15:00,3326.91,3330.69,3326.48,3326.52,1247
2025-07-30 08:30:00,3326.58,3328.87,3325.73,3325.85,1355
2025-07-30 08:45:00,3325.84,3327.86,3324.3,3324.82,1715
2025-07-30 09:00:00,3324.85,3326.28,3323.58,3323.77,1889
2025-07-30 09:15:00,3323.76,3324.77,3323.05,3323.71,1917
2025-07-30 09:30:00,3323.66,3325.67,3323.03,3325.47,1749
2025-07-30 09:45:00,3325.47,3327.47,3324.8,3327.1,1739
2025-07-30 10:00:00,3327.15,3332.1,3325.71,3329.9,2135
2025-07-30 10:15:00,3329.91,3331.38,3325.53,3326.77,1869
2025-07-30 10:30:00,3326.77,3329.73,3326.24,3329.73,1328
2025-07-30 10:45:00,3329.82,3331.0,3327.29,3327.64,1379
2025-07-30 11:00:00,3327.93,3332.04,3327.49,3331.15,1522
2025-07-30 11:15:00,3331.15,3332.69,3329.77,3329.93,1685
2025-07-30 11:30:00,3329.93,3331.53,3329.1,3329.89,1258
2025-07-30 11:45:00,3329.91,3333.49,3329.73,3332.18,1162
2025-07-30 12:00:00,3332.0,3333.34,3330.8,3332.55,1072
2025-07-30 12:15:00,3332.53,3332.97,3331.74,3331.83,1023
2025-07-30 12:30:00,3331.79,3332.13,3329.37,3330.1,1237
2025-07-30 12:45:00,3330.1,3334.05,3329.79,3331.18,1746
2025-07-30 13:00:00,3331.18,3332.86,3327.77,3330.57,2780
2025-07-30 13:15:00,3330.59,3330.96,3327.8,3329.14,1363
2025-07-30 13:30:00,3329.14,3329.83,3328.08,3328.53,1240
2025-07-30 13:45:00,3328.53,3329.11,3326.61,3328.54,1526
2025-07-30 14:00:00,3328.53,3328.85,3325.09,3327.07,2098
2025-07-30 14:15:00,3327.06,3330.31,3326.53,3328.42,1861
2025-07-30 14:30:00,3328.42,3329.15,3325.99,3326.0,1756
2025-07-30 14:45:00,3325.9,3331.62,3323.94,3330.81,1914
2025-07-30 15:00:00,3330.8,3331.87,3327.54,3328.09,1761
2025-07-30 15:15:00,3327.96,3330.72,3326.05,3327.67,2634
2025-07-30 15:30:00,3327.86,3328.77,3322.66,3323.83,4077
2025-07-30 15:45:00,3323.81,3324.54,3310.64,3313.34,4383
2025-07-30 16:00:00,3313.33,3316.08,3308.79,3309.31,5150
2025-07-30 16:15:00,3309.46,3312.42,3304.24,3305.41,4539
2025-07-30 16:30:00,3305.41,3308.08,3300.92,3302.95,5110
2025-07-30 16:45:00,3302.96,3306.45,3298.25,3303.09,4287
2025-07-30 17:00:00,3303.05,3308.31,3302.49,3306.39,3716
2025-07-30 17:15:00,3306.44,3307.09,3301.51,3301.79,3371
2025-07-30 17:30:00,3301.94,3305.3,3301.18,3304.4,2859
2025-07-30 17:45:00,3304.49,3306.24,3301.64,3302.11,2515
2025-07-30 18:00:00,3302.13,3303.28,3298.87,3300.67,2577
2025-07-30 18:15:00,3300.75,3301.11,3290.59,3292.4,3901
2025-07-30 18:30:00,3292.43,3293.5,3288.62,3292.98,3187
2025-07-30 18:45:00,3292.94,3293.99,3289.11,3290.39,2359
2025-07-30 19:00:00,3290.39,3294.81,3289.92,3294.58,2212
2025-07-30 19:15:00,3294.58,3297.41,3292.68,3295.19,2209
2025-07-30 19:30:00,3295.19,3296.06,3293.7,3295.56,1634
2025-07-30 19:45:00,3295.62,3298.54,3295.45,3298.12,1772
2025-07-30 20:00:00,3298.18,3299.31,3297.67,3298.91,1641
2025-07-30 20:15:00,3298.92,3300.32,3298.58,3298.98,2005
2025-07-30 20:30:00,3299.09,3300.08,3298.08,3299.19,1476
2025-07-30 20:45:00,3299.19,3302.27,3299.19,3299.93,1802
2025-07-30 21:00:00,3299.91,3304.83,3296.92,3299.29,5308
2025-07-30 21:15:00,3299.3,3301.47,3296.9,3297.51,4245
2025-07-30 21:30:00,3297.59,3299.04,3288.02,3289.0,6128
2025-07-30 21:45:00,3289.05,3291.38,3279.49,3280.27,6228
2025-07-30 22:00:00,3280.3,3282.69,3275.32,3275.42,6090
2025-07-30 22:15:00,3275.42,3277.4,3271.89,3272.74,4817
2025-07-30 22:30:00,3272.66,3275.26,3267.91,3272.47,4283
2025-07-30 22:45:00,3272.55,3275.57,3268.18,3269.22,3831
2025-07-30 23:00:00,3269.26,3275.66,3268.94,3273.55,2198
2025-07-30 23:15:00,3273.56,3274.65,3268.93,3269.38,1900
2025-07-30 23:30:00,3269.38,3275.48,3269.34,3274.36,2007
2025-07-30 23:45:00,3274.25,3276.23,3273.15,3275.89,1056
2025-07-31 01:00:00,3275.69,3279.29,3273.56,3277.39,1326
2025-07-31 01:15:00,3277.39,3279.98,3276.11,3277.15,1311
2025-07-31 01:30:00,3277.15,3278.74,3276.87,3278.62,698
2025-07-31 01:45:00,3278.62,3279.72,3278.36,3278.8,552
2025-07-31 02:00:00,3278.87,3280.06,3277.71,3278.63,653
2025-07-31 02:15:00,3278.63,3280.3,3278.53,3279.69,755
2025-07-31 02:30:00,3279.63,3282.3,3279.53,3282.08,1061
2025-07-31 02:45:00,3282.1,3285.86,3280.77,3285.41,1303
2025-07-31 03:00:00,3285.45,3288.29,3283.18,3284.52,2390
2025-07-31 03:15:00,3284.52,3286.44,3282.93,3283.76,1672
2025-07-31 03:30:00,3283.76,3287.8,3283.76,3286.44,1499
2025-07-31 03:45:00,3286.36,3288.5,3285.3,3286.16,1559
2025-07-31 04:00:00,3286.16,3289.72,3284.82,3287.14,2957
2025-07-31 04:15:00,3287.08,3291.14,3286.55,3287.35,2241
2025-07-31 04:30:00,3287.34,3290.05,3285.51,3289.62,2501
2025-07-31 04:45:00,3289.62,3294.08,3287.61,3293.95,2163
2025-07-31 05:00:00,3294.06,3295.77,3293.08,3294.74,2003
2025-07-31 05:15:00,3294.74,3295.66,3291.3,3292.36,1533
2025-07-31 05:30:00,3292.35,3293.4,3290.38,3292.75,1761
2025-07-31 05:45:00,3292.75,3297.44,3291.15,3297.22,1637
2025-07-31 06:00:00,3297.24,3298.43,3293.19,3294.09,1611
2025-07-31 06:15:00,3294.09,3298.47,3294.06,3295.73,1743
2025-07-31 06:30:00,3295.74,3296.37,3294.47,3296.22,1279
2025-07-31 06:45:00,3296.22,3297.93,3294.42,3295.02,1241
2025-07-31 07:00:00,3294.91,3296.34,3293.57,3294.2,1305
2025-07-31 07:15:00,3294.21,3295.86,3293.67,3294.48,1054
2025-07-31 07:30:00,3294.47,3297.32,3293.99,3296.61,1045
2025-07-31 07:45:00,3296.58,3298.46,3295.43,3298.13,939
2025-07-31 08:00:00,3298.2,3298.98,3296.01,3296.19,1021
2025-07-31 08:15:00,3296.19,3296.72,3295.43,3295.64,931
2025-07-31 08:30:00,3295.63,3297.03,3294.65,3295.95,1558
2025-07-31 08:45:00,3295.92,3301.61,3294.65,3299.38,1794
2025-07-31 09:00:00,3299.58,3304.04,3297.98,3302.39,2615
2025-07-31 09:15:00,3302.4,3303.68,3301.06,3301.8,2029
2025-07-31 09:30:00,3301.81,3304.74,3300.14,3300.29,1978
2025-07-31 09:45:00,3300.33,3301.19,3298.08,3299.17,2198
2025-07-31 10:00:00,3299.15,3302.2,3298.09,3300.07,1735
2025-07-31 10:15:00,3299.99,3303.62,3298.68,3300.92,1737
2025-07-31 10:30:00,3301.01,3304.33,3299.35,3304.05,1641
2025-07-31 10:45:00,3304.09,3309.66,3302.58,3304.56,2509
2025-07-31 11:00:00,3304.6,3309.8,3303.6,3308.14,1983
2025-07-31 11:15:00,3308.12,3314.76,3306.88,3310.78,2191
2025-07-31 11:30:00,3310.78,3313.55,3308.98,3309.21,1984
2025-07-31 11:45:00,3309.2,3311.44,3308.8,3309.87,1854
2025-07-31 12:00:00,3309.88,3313.05,3308.76,3312.25,1843
2025-07-31 12:15:00,3312.25,3312.6,3306.62,3307.34,2045
2025-07-31 12:30:00,3307.34,3308.76,3304.79,3305.57,2047
2025-07-31 12:45:00,3305.54,3309.26,3305.53,3306.62,1641
2025-07-31 13:00:00,3306.61,3308.12,3305.28,3306.25,1517
2025-07-31 13:15:00,3306.25,3306.29,3303.38,3304.64,1769
2025-07-31 13:30:00,3304.65,3305.14,3300.7,3300.74,2118
2025-07-31 13:45:00,3300.74,3300.95,3293.71,3296.32,3021
2025-07-31 14:00:00,3296.34,3302.93,3295.2,3301.16,3151
2025-07-31 14:15:00,3301.18,3303.4,3299.75,3302.29,2516
2025-07-31 14:30:00,3302.18,3307.29,3302.12,3305.18,2591
2025-07-31 14:45:00,3305.18,3307.7,3303.38,3306.05,2095
2025-07-31 15:00:00,3306.05,3307.44,3304.24,3307.33,2118
2025-07-31 15:15:00,3307.34,3307.81,3304.6,3306.23,2974
2025-07-31 15:30:00,3306.21,3310.35,3303.81,3308.47,3713
2025-07-31 15:45:00,3308.54,3311.12,3307.25,3307.63,2487
2025-07-31 16:00:00,3307.71,3309.33,3304.72,3308.93,3859
2025-07-31 16:15:00,3309.11,3310.37,3306.6,3308.44,3000
2025-07-31 16:30:00,3308.16,3308.84,3302.75,3303.85,4560
2025-07-31 16:45:00,3303.74,3304.85,3300.52,3301.31,4841
2025-07-31 17:00:00,3301.15,3302.3,3298.57,3300.84,4197
2025-07-31 17:15:00,3301.02,3303.07,3295.49,3296.56,4250
2025-07-31 17:30:00,3296.55,3298.08,3291.37,3297.52,3927
2025-07-31 17:45:00,3297.36,3297.68,3293.31,3296.1,3582
2025-07-31 18:00:00,3296.13,3296.81,3291.23,3296.41,3783
2025-07-31 18:15:00,3296.42,3298.96,3295.05,3295.55,2791
2025-07-31 18:30:00,3295.56,3298.0,3292.87,3293.8,2676
2025-07-31 18:45:00,3293.8,3295.9,3292.98,3295.45,2423
2025-07-31 19:00:00,3295.44,3295.63,3289.67,3291.14,3315
2025-07-31 19:15:00,3291.18,3293.55,3289.65,3292.45,2659
2025-07-31 19:30:00,3292.45,3296.27,3291.36,3296.05,2564
2025-07-31 19:45:00,3295.97,3297.3,3294.83,3295.05,2288
2025-07-31 20:00:00,3295.02,3298.42,3294.77,3297.39,2273
2025-07-31 20:15:00,3297.52,3298.33,3295.48,3296.11,2645
2025-07-31 20:30:00,3296.09,3296.54,3294.5,3295.24,2069
2025-07-31 20:45:00,3295.25,3295.43,3294.07,3294.99,2159
2025-07-31 21:00:00,3294.98,3295.06,3292.78,3294.53,1669
2025-07-31 21:15:00,3294.53,3296.97,3293.59,3296.47,2008
2025-07-31 21:30:00,3296.47,3296.62,3294.45,3295.37,1763
2025-07-31 21:45:00,3295.36,3296.28,3294.9,3295.73,1264
2025-07-31 22:00:00,3295.7,3296.34,3294.51,3294.61,1268
2025-07-31 22:15:00,3294.61,3294.63,3290.46,3291.01,1596
2025-07-31 22:30:00,3291.01,3294.65,3290.89,3294.46,1973
2025-07-31 22:45:00,3294.5,3294.79,3290.5,3291.0,2736
2025-07-31 23:00:00,3291.05,3293.69,3290.86,3292.32,1341
2025-07-31 23:15:00,3292.32,3292.46,3290.83,3291.8,852
2025-07-31 23:30:00,3291.78,3292.05,3290.68,3291.78,780
2025-07-31 23:45:00,3291.78,3291.84,3289.92,3290.5,571
2025-08-01 01:00:00,3289.77,3292.56,3288.95,3291.35,757
2025-08-01 01:15:00,3291.35,3293.75,3291.03,3293.37,600
2025-08-01 01:30:00,3293.38,3294.14,3292.75,3294.01,513
2025-08-01 01:45:00,3294.01,3295.07,3293.56,3295.0,672
2025-08-01 02:00:00,3294.99,3295.09,3290.29,3290.57,1317
2025-08-01 02:15:00,3290.53,3292.42,3288.41,3292.31,1065
2025-08-01 02:30:00,3292.22,3292.45,3289.94,3291.55,784
2025-08-01 02:45:00,3291.64,3291.79,3288.05,3288.55,1006
2025-08-01 03:00:00,3288.56,3289.18,3286.74,3288.45,1699
2025-08-01 03:15:00,3288.39,3290.07,3286.5,3288.64,1509
2025-08-01 03:30:00,3288.6,3293.78,3288.16,3292.86,1593
2025-08-01 03:45:00,3292.92,3293.11,3289.57,3290.2,1705
2025-08-01 04:00:00,3290.12,3293.48,3289.88,3291.92,2146
2025-08-01 04:15:00,3291.93,3293.14,3288.72,3290.38,1798
2025-08-01 04:30:00,3290.38,3291.72,3286.05,3287.93,2195
2025-08-01 04:45:00,3287.93,3288.41,3281.63,3283.62,2534
2025-08-01 05:00:00,3283.47,3291.14,3283.44,3291.02,2783
2025-08-01 05:15:00,3291.03,3291.19,3287.93,3289.48,1565
2025-08-01 05:30:00,3289.47,3290.12,3286.92,3289.43,1689
2025-08-01 05:45:00,3289.44,3292.31,3288.04,3291.71,1436
2025-08-01 06:00:00,3291.71,3297.03,3291.71,3295.94,1811
2025-08-01 06:15:00,3295.91,3296.21,3291.4,3292.49,1384
2025-08-01 06:30:00,3292.48,3293.04,3291.34,3291.98,1069
2025-08-01 06:45:00,3291.99,3293.24,3290.51,3291.48,1052
2025-08-01 07:00:00,3291.48,3293.94,3290.38,3291.46,1302
2025-08-01 07:15:00,3291.46,3293.25,3291.03,3292.72,998
2025-08-01 07:30:00,3292.73,3295.43,3291.69,3291.79,1253
2025-08-01 07:45:00,3291.76,3292.37,3290.15,3292.16,1465
2025-08-01 08:00:00,3292.16,3294.46,3291.77,3292.44,1217
2025-08-01 08:15:00,3292.44,3294.29,3291.74,3293.03,824
2025-08-01 08:30:00,3293.09,3295.52,3292.39,3295.5,1332
2025-08-01 08:45:00,3295.5,3300.41,3294.8,3296.59,2212
2025-08-01 09:00:00,3296.55,3297.4,3294.75,3294.9,2231
2025-08-01 09:15:00,3295.01,3296.04,3291.73,3292.16,2499
2025-08-01 09:30:00,3292.15,3292.98,3290.56,3291.48,2118
2025-08-01 09:45:00,3291.44,3292.46,3290.68,3292.42,1515
2025-08-01 10:00:00,3292.48,3292.79,3289.53,3292.33,1849
2025-08-01 10:15:00,3292.36,3293.44,3289.74,3290.85,1719
2025-08-01 10:30:00,3290.85,3290.98,3285.67,3287.28,2211
2025-08-01 10:45:00,3287.28,3289.56,3285.19,3286.8,1887
2025-08-01 11:00:00,3286.64,3288.77,3285.3,3287.8,1769
2025-08-01 11:15:00,3287.8,3289.59,3286.48,3288.1,1571
2025-08-01 11:30:00,3288.09,3290.06,3286.76,3289.43,1685
2025-08-01 11:45:00,3289.43,3294.36,3289.18,3294.19,1721
2025-08-01 12:00:00,3294.27,3295.43,3293.03,3295.13,1669
2025-08-01 12:15:00,3295.27,3296.27,3293.72,3294.24,1531
2025-08-01 12:30:00,3294.23,3295.63,3292.79,3295.62,1856
2025-08-01 12:45:00,3295.61,3296.3,3292.7,3294.5,1561
2025-08-01 13:00:00,3294.53,3296.29,3293.98,3294.62,1248
2025-08-01 13:15:00,3294.62,3295.04,3293.44,3293.98,1001
2025-08-01 13:30:00,3293.99,3297.93,3293.23,3295.73,1426
2025-08-01 13:45:00,3295.75,3303.05,3294.85,3298.32,2296
2025-08-01 14:00:00,3298.5,3301.22,3298.44,3300.63,1793
2025-08-01 14:15:00,3300.64,3301.35,3298.77,3299.86,1542
2025-08-01 14:30:00,3299.85,3301.3,3298.76,3299.42,1357
2025-08-01 14:45:00,3299.42,3300.38,3296.84,3300.37,1685
2025-08-01 15:00:00,3300.37,3301.23,3297.37,3300.89,2064
2025-08-01 15:15:00,3300.96,3304.03,3300.41,3301.76,2668
2025-08-01 15:30:00,3301.78,3340.71,3301.32,3338.94,7604
2025-08-01 15:45:00,3338.74,3345.19,3335.42,3341.21,6571
2025-08-01 16:00:00,3341.16,3350.98,3339.52,3350.92,6143
2025-08-01 16:15:00,3350.89,3354.7,3349.19,3351.79,5481
2025-08-01 16:30:00,3351.63,3353.15,3341.98,3347.84,6363
2025-08-01 16:45:00,3347.51,3349.9,3338.8,3341.89,5574
2025-08-01 17:00:00,3345.22,3351.43,3343.72,3348.89,6112
2025-08-01 17:15:00,3348.88,3355.02,3345.21,3345.93,5328
2025-08-01 17:30:00,3345.94,3346.66,3341.34,3344.79,4734
2025-08-01 17:45:00,3344.69,3347.71,3341.37,3345.8,4180
2025-08-01 18:00:00,3345.91,3350.5,3341.5,3349.2,4172
2025-08-01 18:15:00,3349.0,3350.9,3348.56,3349.42,3752
2025-08-01 18:30:00,3349.42,3351.06,3346.85,3348.77,3429
2025-08-01 18:45:00,3348.69,3350.46,3347.1,3348.58,2675
2025-08-01 19:00:00,3348.53,3349.44,3344.22,3345.49,2588
2025-08-01 19:15:00,3345.49,3346.17,3340.64,3341.08,3136
2025-08-01 19:30:00,3341.07,3343.47,3340.46,3342.51,2506
2025-08-01 19:45:00,3342.51,3348.58,3340.92,3347.39,2973
2025-08-01 20:00:00,3347.4,3349.33,3346.53,3346.6,2799
2025-08-01 20:15:00,3346.6,3349.09,3345.59,3347.38,2560
2025-08-01 20:30:00,3347.35,3349.14,3346.9,3347.84,1996
2025-08-01 20:45:00,3347.81,3348.6,3347.01,3348.16,1531
2025-08-01 21:00:00,3348.2,3349.82,3345.91,3348.18,2037
2025-08-01 21:15:00,3348.18,3349.49,3346.37,3349.14,2048
2025-08-01 21:30:00,3349.24,3351.1,3347.99,3350.83,1663
2025-08-01 21:45:00,3350.82,3351.28,3347.44,3347.55,1926
2025-08-01 22:00:00,3347.63,3349.83,3347.61,3349.18,1506
2025-08-01 22:15:00,3349.18,3351.11,3348.57,3350.95,1416
2025-08-01 22:30:00,3350.95,3360.91,3350.87,3360.3,4062
2025-08-01 22:45:00,3360.29,3361.18,3356.5,3357.12,3204
2025-08-01 23:00:00,3357.09,3360.2,3357.0,3360.01,1503
2025-08-01 23:15:00,3360.01,3360.9,3359.66,3360.4,992
2025-08-01 23:30:00,3360.41,3362.63,3360.38,3362.52,1426
2025-08-01 23:45:00,3362.4,3362.77,3361.99,3362.57,488
2025-08-04 01:00:00,3365.35,3365.7,3359.82,3360.34,1919
2025-08-04 01:15:00,3360.49,3361.55,3359.07,3360.71,1413
2025-08-04 01:30:00,3360.58,3360.81,3357.68,3360.05,1415
2025-08-04 01:45:00,3359.86,3360.12,3358.26,3359.15,1023
2025-08-04 02:00:00,3359.25,3359.36,3357.85,3358.31,1151
2025-08-04 02:15:00,3358.31,3358.32,3354.34,3356.0,1146
2025-08-04 02:30:00,3356.02,3359.0,3355.95,3357.71,891
2025-08-04 02:45:00,3357.61,3362.04,3357.51,3362.0,1333
2025-08-04 03:00:00,3361.99,3362.33,3355.95,3356.15,2101
2025-08-04 03:15:00,3356.2,3356.82,3354.41,3355.52,1536
2025-08-04 03:30:00,3355.52,3355.53,3351.84,3352.42,1872
2025-08-04 03:45:00,3352.42,3353.12,3350.06,3352.21,1711
2025-08-04 04:00:00,3352.04,3353.61,3349.44,3349.65,2780
2025-08-04 04:15:00,3349.61,3351.29,3345.01,3347.57,2584
2025-08-04 04:30:00,3347.57,3350.23,3346.65,3349.05,2379
2025-08-04 04:45:00,3349.04,3353.22,3348.84,3352.29,1742
2025-08-04 05:00:00,3352.28,3352.72,3350.26,3351.05,1710
2025-08-04 05:15:00,3351.1,3355.16,3350.94,3353.96,1265
2025-08-04 05:30:00,3353.9,3353.97,3351.97,3353.42,1281
2025-08-04 05:45:00,3353.42,3354.86,3352.48,3354.25,1284
2025-08-04 06:00:00,3354.24,3357.58,3354.24,3355.82,1968
2025-08-04 06:15:00,3355.83,3357.43,3354.38,3356.87,1256
2025-08-04 06:30:00,3356.87,3358.14,3355.43,3357.81,1194
2025-08-04 06:45:00,3357.81,3360.8,3357.78,3360.15,1404
2025-08-04 07:00:00,3360.14,3361.08,3359.89,3360.89,872
2025-08-04 07:15:00,3360.89,3361.26,3360.3,3360.82,935
2025-08-04 07:30:00,3360.82,3362.07,3359.6,3360.62,1233
2025-08-04 07:45:00,3360.62,3360.99,3358.51,3358.85,1064
2025-08-04 08:00:00,3358.86,3360.93,3358.69,3359.72,852
2025-08-04 08:15:00,3359.71,3360.74,3358.03,3358.66,1185
2025-08-04 08:30:00,3358.65,3359.29,3355.31,3356.64,1379
2025-08-04 08:45:00,3356.68,3357.66,3355.92,3357.34,1285
2025-08-04 09:00:00,3357.45,3360.82,3355.53,3358.91,2370
2025-08-04 09:15:00,3358.85,3359.23,3353.48,3353.74,1709
2025-08-04 09:30:00,3353.81,3360.61,3353.69,3360.14,2281
2025-08-04 09:45:00,3360.18,3362.5,3359.88,3362.43,1777
2025-08-04 10:00:00,3362.33,3362.35,3358.99,3361.31,1925
2025-08-04 10:15:00,3361.26,3361.52,3353.2,3353.75,1880
2025-08-04 10:30:00,3353.75,3356.62,3351.63,3354.92,2418
2025-08-04 10:45:00,3355.02,3356.15,3353.5,3356.0,1962
2025-08-04 11:00:00,3356.03,3357.0,3354.01,3356.31,1787
2025-08-04 11:15:00,3356.37,3359.76,3356.14,3358.82,1561
2025-08-04 11:30:00,3358.82,3359.31,3357.05,3358.4,1678
2025-08-04 11:45:00,3358.4,3359.77,3357.96,3358.48,1241
2025-08-04 12:00:00,3358.47,3361.0,3358.14,3359.19,1508
2025-08-04 12:15:00,3359.14,3361.72,3357.83,3361.01,1467
2025-08-04 12:30:00,3361.01,3361.16,3357.62,3359.27,1729
2025-08-04 12:45:00,3359.34,3359.54,3356.78,3357.92,1167
2025-08-04 13:00:00,3357.89,3358.86,3356.67,3358.03,1351
2025-08-04 13:15:00,3358.02,3358.4,3352.85,3356.38,1652
2025-08-04 13:30:00,3356.44,3358.35,3356.09,3358.14,1187
2025-08-04 13:45:00,3358.14,3358.34,3356.83,3357.83,1191
2025-08-04 14:00:00,3357.87,3364.47,3357.65,3363.68,2297
2025-08-04 14:15:00,3363.88,3368.0,3363.85,3367.64,2083
2025-08-04 14:30:00,3367.64,3368.3,3365.57,3368.2,1785
2025-08-04 14:45:00,3368.19,3370.65,3367.62,3370.26,1989
2025-08-04 15:00:00,3370.27,3371.52,3366.92,3366.96,2345
2025-08-04 15:15:00,3366.97,3368.57,3363.65,3363.76,2371
2025-08-04 15:30:00,3363.76,3364.63,3361.08,3363.09,2699
2025-08-04 15:45:00,3363.12,3368.86,3362.95,3367.73,2337
2025-08-04 16:00:00,3367.73,3373.46,3367.0,3373.22,3332
2025-08-04 16:15:00,3373.19,3377.44,3372.88,3375.53,3351
2025-08-04 16:30:00,3375.56,3377.96,3373.5,3376.1,3992
2025-08-04 16:45:00,3376.03,3385.33,3375.99,3383.11,4333
2025-08-04 17:00:00,3383.12,3384.6,3376.76,3377.53,4127
2025-08-04 17:15:00,3377.53,3378.68,3374.69,3377.24,3449
2025-08-04 17:30:00,3377.24,3379.69,3376.77,3376.77,2844
2025-08-04 17:45:00,3376.74,3376.83,3371.92,3373.93,3415
2025-08-04 18:00:00,3373.89,3375.56,3371.49,3374.13,3239
2025-08-04 18:15:00,3374.14,3374.9,3371.36,3372.36,2430
2025-08-04 18:30:00,3372.33,3375.86,3370.76,3375.6,2422
2025-08-04 18:45:00,3375.6,3376.15,3373.85,3374.32,2004
2025-08-04 19:00:00,3374.32,3378.06,3373.44,3377.54,2184
2025-08-04 19:15:00,3377.54,3378.0,3372.83,3373.93,2106
2025-08-04 19:30:00,3373.93,3373.93,3371.22,3371.7,1899
2025-08-04 19:45:00,3371.7,3372.4,3370.56,3370.96,1667
2025-08-04 20:00:00,3370.96,3373.09,3370.71,3371.95,1527
2025-08-04 20:15:00,3371.98,3373.28,3371.05,3372.44,1798
2025-08-04 20:30:00,3372.44,3374.23,3371.74,3372.85,1406
2025-08-04 20:45:00,3372.85,3374.18,3371.83,3373.99,1357
2025-08-04 21:00:00,3374.0,3375.17,3373.2,3374.38,1065
2025-08-04 21:15:00,3374.38,3376.83,3374.03,3375.93,1436
2025-08-04 21:30:00,3375.97,3376.69,3375.08,3375.76,1332
2025-08-04 21:45:00,3375.76,3376.78,3375.39,3375.7,1285
2025-08-04 22:00:00,3375.71,3377.17,3375.54,3376.09,1318
2025-08-04 22:15:00,3376.09,3376.87,3375.31,3376.47,1349
2025-08-04 22:30:00,3376.46,3377.14,3375.67,3375.93,1451
2025-08-04 22:45:00,3375.98,3376.41,3374.5,3375.92,2111
2025-08-04 23:00:00,3375.79,3376.37,3374.75,3376.23,791
2025-08-04 23:15:00,3376.24,3376.87,3375.57,3375.98,672
2025-08-04 23:30:00,3375.97,3376.02,3373.41,3373.56,533
2025-08-04 23:45:00,3373.56,3374.29,3373.36,3373.99,420
2025-08-05 01:00:00,3373.71,3376.23,3373.71,3374.71,591
2025-08-05 01:15:00,3374.71,3375.42,3374.39,3374.58,389
2025-08-05 01:30:00,3374.57,3375.35,3373.68,3374.2,377
2025-08-05 01:45:00,3374.2,3375.02,3374.09,3374.73,389
2025-08-05 02:00:00,3374.71,3378.99,3374.7,3378.76,1028
2025-08-05 02:15:00,3378.74,3379.35,3377.74,3379.25,720
2025-08-05 02:30:00,3379.28,3379.68,3376.97,3377.66,734
2025-08-05 02:45:00,3377.65,3378.57,3376.39,3377.42,722
2025-08-05 03:00:00,3377.39,3379.01,3375.87,3377.04,908
2025-08-05 03:15:00,3377.11,3378.65,3376.63,3377.41,827
2025-08-05 03:30:00,3377.41,3380.21,3377.41,3379.59,1100
2025-08-05 03:45:00,3379.62,3381.42,3378.89,3379.79,1460
2025-08-05 04:00:00,3379.8,3382.35,3379.1,3379.59,2026
2025-08-05 04:15:00,3379.59,3380.22,3377.92,3379.96,1305
2025-08-05 04:30:00,3379.98,3382.21,3379.43,3380.58,1558
2025-08-05 04:45:00,3380.59,3381.5,3378.87,3378.87,984
2025-08-05 05:00:00,3378.83,3381.23,3378.06,3380.43,1385
2025-08-05 05:15:00,3380.49,3381.31,3375.58,3375.87,1294
2025-08-05 05:30:00,3375.81,3378.18,3374.46,3375.34,1639
2025-08-05 05:45:00,3375.34,3376.14,3373.5,3373.5,1094
2025-08-05 06:00:00,3373.5,3374.93,3373.19,3373.36,957
2025-08-05 06:15:00,3373.36,3375.34,3372.86,3373.23,1071
2025-08-05 06:30:00,3373.23,3373.94,3372.45,3372.87,686
2025-08-05 06:45:00,3372.87,3374.68,3371.98,3371.98,1040
2025-08-05 07:00:00,3371.95,3373.21,3371.16,3372.45,954
2025-08-05 07:15:00,3372.45,3372.82,3371.69,3372.48,659
2025-08-05 07:30:00,3372.47,3372.47,3371.34,3371.69,680
2025-08-05 07:45:00,3371.7,3372.57,3370.83,3371.05,902
2025-08-05 08:00:00,3371.05,3371.06,3368.53,3368.88,1374
2025-08-05 08:15:00,3368.97,3370.82,3367.65,3369.31,1460
2025-08-05 08:30:00,3369.34,3371.95,3369.03,3370.5,1509
2025-08-05 08:45:00,3370.49,3374.0,3369.95,3373.91,1425
2025-08-05 09:00:00,3373.96,3374.07,3369.91,3370.69,1530
2025-08-05 09:15:00,3370.7,3370.91,3368.5,3369.43,1301
2025-08-05 09:30:00,3369.43,3370.28,3366.39,3366.39,1511
2025-08-05 09:45:00,3366.39,3368.08,3365.66,3366.15,1610
2025-08-05 10:00:00,3366.11,3371.09,3366.01,3369.45,2058
2025-08-05 10:15:00,3369.45,3374.64,3369.11,3374.17,2037
2025-08-05 10:30:00,3374.23,3375.5,3372.26,3373.43,1579
2025-08-05 10:45:00,3373.41,3374.41,3371.14,3373.6,1750
2025-08-05 11:00:00,3373.59,3373.59,3370.69,3371.94,1874
2025-08-05 11:15:00,3371.95,3374.64,3371.38,3372.82,1621
2025-08-05 11:30:00,3372.72,3373.45,3368.47,3369.09,1258
2025-08-05 11:45:00,3369.08,3369.32,3365.98,3366.01,1958
2025-08-05 12:00:00,3366.01,3366.24,3364.0,3365.24,1335
2025-08-05 12:15:00,3365.21,3366.15,3364.82,3364.84,1239
2025-08-05 12:30:00,3364.81,3365.04,3362.05,3363.62,1761
2025-08-05 12:45:00,3363.92,3365.27,3358.82,3359.58,2131
2025-08-05 13:00:00,3359.59,3361.73,3354.84,3356.66,2241
2025-08-05 13:15:00,3356.7,3358.13,3354.5,3356.24,1777
2025-08-05 13:30:00,3356.22,3357.89,3355.73,3357.72,1311
2025-08-05 13:45:00,3357.68,3357.9,3352.87,3353.1,1675
2025-08-05 14:00:00,3353.12,3354.19,3351.23,3353.27,1987
2025-08-05 14:15:00,3353.27,3353.99,3351.79,3352.14,1445
2025-08-05 14:30:00,3352.11,3352.73,3349.78,3351.34,1632
2025-08-05 14:45:00,3351.36,3354.33,3350.81,3351.32,1668
2025-08-05 15:00:00,3351.31,3355.12,3349.88,3353.21,2124
2025-08-05 15:15:00,3353.21,3360.81,3352.18,3360.81,3182
2025-08-05 15:30:00,3360.94,3365.88,3360.19,3363.84,3102
2025-08-05 15:45:00,3363.86,3366.96,3362.83,3366.17,2279
2025-08-05 16:00:00,3366.25,3369.12,3365.84,3369.03,2727
2025-08-05 16:15:00,3369.03,3371.7,3368.52,3370.23,2242
2025-08-05 16:30:00,3370.26,3379.63,3369.13,3376.74,4541
2025-08-05 16:45:00,3376.68,3378.41,3371.93,3373.23,3873
2025-08-05 17:00:00,3376.11,3380.56,3370.55,3372.71,5476
2025-08-05 17:15:00,3372.77,3382.18,3372.77,3379.79,4503
2025-08-05 17:30:00,3379.76,3384.45,3378.63,3384.14,4065
2025-08-05 17:45:00,3384.0,3386.49,3382.18,3385.23,3604
2025-08-05 18:00:00,3385.23,3387.23,3384.3,3386.25,2963
2025-08-05 18:15:00,3386.42,3387.98,3383.57,3384.59,2355
2025-08-05 18:30:00,3384.59,3386.75,3382.11,3386.63,2836
2025-08-05 18:45:00,3386.64,3390.11,3386.62,3389.52,2186
2025-08-05 19:00:00,3389.52,3390.42,3386.35,3387.04,1951
2025-08-05 19:15:00,3386.99,3387.17,3381.58,3382.36,2267
2025-08-05 19:30:00,3382.4,3382.93,3376.64,3380.48,2633
2025-08-05 19:45:00,3380.62,3382.03,3378.78,3381.97,1734
2025-08-05 20:00:00,3381.95,3382.12,3380.08,3381.07,1339
2025-08-05 20:15:00,3381.06,3382.36,3378.94,3379.87,1826
2025-08-05 20:30:00,3380.07,3382.67,3379.79,3381.62,1408
2025-08-05 20:45:00,3381.62,3381.9,3378.99,3380.05,1613
2025-08-05 21:00:00,3380.05,3380.58,3378.88,3379.09,1292
2025-08-05 21:15:00,3379.1,3381.13,3378.33,3379.73,1531
2025-08-05 21:30:00,3379.73,3380.91,3378.68,3379.78,1300
2025-08-05 21:45:00,3379.78,3380.69,3379.29,3379.98,1437
2025-08-05 22:00:00,3379.98,3380.25,3378.13,3380.11,1227
2025-08-05 22:15:00,3380.11,3381.28,3379.54,3379.71,1163
2025-08-05 22:30:00,3379.71,3380.98,3379.2,3379.6,1151
2025-08-05 22:45:00,3379.64,3380.7,3378.71,3378.84,1454
2025-08-05 23:00:00,3378.86,3380.14,3378.77,3379.7,552
2025-08-05 23:15:00,3379.65,3380.47,3379.55,3379.87,433
2025-08-05 23:30:00,3379.72,3380.4,3378.44,3379.82,681
2025-08-05 23:45:00,3379.82,3380.9,3379.12,3380.58,536
2025-08-06 01:00:00,3381.02,3381.8,3379.64,3379.82,482
2025-08-06 01:15:00,3379.79,3379.96,3378.86,3378.99,499
2025-08-06 01:30:00,3379.0,3379.85,3378.15,3379.71,463
2025-08-06 01:45:00,3379.71,3380.43,3379.64,3379.73,389
2025-08-06 02:00:00,3379.65,3381.32,3379.02,3380.87,608
2025-08-06 02:15:00,3380.87,3382.13,3380.73,3381.89,540
2025-08-06 02:30:00,3381.96,3383.26,3381.88,3382.78,923
2025-08-06 02:45:00,3382.77,3384.01,3382.01,3383.08,865
2025-08-06 03:00:00,3383.09,3383.64,3381.47,3382.9,1315
2025-08-06 03:15:00,3382.9,3385.26,3382.64,3384.96,1117
2025-08-06 03:30:00,3384.95,3385.35,3380.91,3382.85,1222
2025-08-06 03:45:00,3382.85,3383.73,3380.96,3383.44,1361
2025-08-06 04:00:00,3383.43,3383.65,3377.59,3377.98,1925
2025-08-06 04:15:00,3378.02,3379.13,3376.0,3377.94,1813
2025-08-06 04:30:00,3377.94,3381.66,3377.86,3379.19,1926
2025-08-06 04:45:00,3379.17,3379.59,3373.04,3376.16,1910
2025-08-06 05:00:00,3376.02,3377.79,3374.07,3375.03,1728
2025-08-06 05:15:00,3375.04,3376.64,3374.29,3375.47,1130
2025-08-06 05:30:00,3375.47,3377.46,3375.15,3376.15,1159
2025-08-06 05:45:00,3376.19,3376.55,3374.27,3376.21,947
2025-08-06 06:00:00,3376.21,3377.38,3375.35,3375.5,1044
2025-08-06 06:15:00,3375.54,3378.19,3375.23,3376.8,1041
2025-08-06 06:30:00,3376.8,3377.15,3373.43,3375.14,1210
2025-08-06 06:45:00,3375.1,3375.33,3373.98,3374.56,641
2025-08-06 07:00:00,3374.56,3375.63,3374.43,3374.47,479
2025-08-06 07:15:00,3374.46,3376.31,3374.44,3374.85,670
2025-08-06 07:30:00,3374.86,3376.13,3374.49,3374.71,627
2025-08-06 07:45:00,3374.71,3374.9,3372.18,3372.4,849
2025-08-06 08:00:00,3372.4,3373.16,3371.12,3371.97,912
2025-08-06 08:15:00,3371.97,3372.63,3370.5,3371.8,884
2025-08-06 08:30:00,3371.84,3373.85,3370.79,3370.79,1433
2025-08-06 08:45:00,3370.77,3374.74,3370.72,3374.38,1315
2025-08-06 09:00:00,3374.36,3376.74,3373.17,3375.39,1542
2025-08-06 09:15:00,3375.19,3378.0,3374.83,3377.2,1423
2025-08-06 09:30:00,3377.2,3378.62,3376.39,3376.97,1259
2025-08-06 09:45:00,3376.97,3377.42,3374.02,3375.15,1332
2025-08-06 10:00:00,3375.13,3375.14,3371.22,3372.1,1527
2025-08-06 10:15:00,3372.1,3372.83,3368.91,3370.18,1469
2025-08-06 10:30:00,3370.18,3375.06,3370.04,3374.48,1495
2025-08-06 10:45:00,3374.48,3377.09,3373.32,3373.6,1752
2025-08-06 11:00:00,3373.48,3374.81,3368.56,3369.14,2076
2025-08-06 11:15:00,3369.21,3370.26,3365.11,3366.65,1701
2025-08-06 11:30:00,3366.61,3367.48,3364.83,3366.41,1474
2025-08-06 11:45:00,3366.4,3367.07,3364.74,3365.09,1329
2025-08-06 12:00:00,3365.12,3367.3,3365.0,3365.91,1577
2025-08-06 12:15:00,3365.94,3367.79,3363.97,3364.49,1540
2025-08-06 12:30:00,3364.51,3364.51,3362.38,3362.39,1670
2025-08-06 12:45:00,3362.38,3362.5,3358.15,3358.87,2227
2025-08-06 13:00:00,3358.89,3362.82,3358.17,3362.8,2112
2025-08-06 13:15:00,3362.85,3365.37,3362.1,3363.7,2016
2025-08-06 13:30:00,3363.69,3363.69,3359.91,3361.15,1477
2025-08-06 13:45:00,3361.16,3365.35,3360.55,3363.67,1571
2025-08-06 14:00:00,3363.63,3364.38,3360.72,3364.33,1303
2025-08-06 14:15:00,3364.35,3366.57,3363.6,3366.14,1481
2025-08-06 14:30:00,3366.15,3367.07,3364.85,3365.56,1346
2025-08-06 14:45:00,3365.56,3365.88,3364.02,3365.18,1202
2025-08-06 15:00:00,3365.19,3365.21,3360.59,3360.65,1811
2025-08-06 15:15:00,3360.64,3365.31,3360.23,3364.43,2146
2025-08-06 15:30:00,3364.32,3364.81,3360.59,3364.23,2269
2025-08-06 15:45:00,3364.23,3369.35,3362.96,3367.47,2741
2025-08-06 16:00:00,3367.41,3371.31,3367.12,3368.59,3110
2025-08-06 16:15:00,3368.39,3370.47,3368.09,3368.97,2489
2025-08-06 16:30:00,3369.0,3370.84,3365.33,3366.12,4287
2025-08-06 16:45:00,3366.1,3373.41,3365.76,3371.46,3890
2025-08-06 17:00:00,3371.55,3373.87,3369.54,3371.84,3228
2025-08-06 17:15:00,3371.84,3376.57,3371.26,3376.45,2737
2025-08-06 17:30:00,3376.47,3377.29,3374.62,3377.25,2733
2025-08-06 17:45:00,3377.29,3379.32,3375.9,3379.15,2430
2025-08-06 18:00:00,3379.15,3379.92,3377.27,3378.1,2329
2025-08-06 18:15:00,3378.1,3378.41,3375.4,3376.49,2079
2025-08-06 18:30:00,3376.53,3376.68,3370.18,3375.44,3672
2025-08-06 18:45:00,3375.42,3379.05,3375.3,3377.45,2944
2025-08-06 19:00:00,3377.44,3379.34,3375.42,3375.42,2382
2025-08-06 19:15:00,3375.49,3376.04,3372.71,3374.69,2145
2025-08-06 19:30:00,3374.69,3376.86,3374.11,3376.2,2147
2025-08-06 19:45:00,3376.27,3376.85,3374.16,3376.06,2184
2025-08-06 20:00:00,3376.09,3377.57,3373.96,3374.5,2441
2025-08-06 20:15:00,3374.5,3374.64,3370.82,3372.65,2728
2025-08-06 20:30:00,3372.66,3376.14,3372.39,3375.53,2169
2025-08-06 20:45:00,3375.52,3376.31,3374.32,3374.56,1784
2025-08-06 21:00:00,3374.51,3374.58,3370.12,3370.2,2509
2025-08-06 21:15:00,3370.21,3370.66,3369.05,3369.66,2130
2025-08-06 21:30:00,3369.63,3372.76,3369.58,3372.66,1844
2025-08-06 21:45:00,3372.67,3374.42,3371.27,3371.59,1664
2025-08-06 22:00:00,3371.6,3371.85,3370.4,3370.97,1494
2025-08-06 22:15:00,3370.96,3373.05,3370.72,3371.74,2573
2025-08-06 22:30:00,3371.7,3372.74,3371.34,3371.8,1373
2025-08-06 22:45:00,3371.77,3372.02,3370.29,3371.62,1583
2025-08-06 23:00:00,3371.53,3372.12,3369.83,3370.0,865
2025-08-06 23:15:00,3370.0,3370.06,3368.46,3368.67,1010
2025-08-06 23:30:00,3368.67,3368.78,3367.14,3367.58,1431
2025-08-06 23:45:00,3367.59,3368.93,3367.29,3368.63,840
2025-08-07 01:00:00,3370.76,3374.77,3369.48,3371.59,1229
2025-08-07 01:15:00,3371.7,3372.32,3369.92,3371.12,1277
2025-08-07 01:30:00,3371.11,3372.11,3369.88,3372.06,1066
2025-08-07 01:45:00,3372.06,3372.53,3370.38,3371.79,983
2025-08-07 02:00:00,3371.74,3371.8,3368.5,3370.14,1134
2025-08-07 02:15:00,3370.14,3371.21,3368.61,3368.82,835
2025-08-07 02:30:00,3368.79,3369.33,3367.38,3368.48,1009
2025-08-07 02:45:00,3368.55,3370.63,3368.33,3370.11,1638
2025-08-07 03:00:00,3370.15,3370.8,3365.16,3369.72,1980
2025-08-07 03:15:00,3369.72,3372.89,3369.13,3372.37,2987
2025-08-07 03:30:00,3372.43,3374.52,3371.63,3371.82,3322
2025-08-07 03:45:00,3371.79,3373.46,3370.16,3372.4,2428
2025-08-07 04:00:00,3372.41,3376.66,3370.28,3376.43,3634
2025-08-07 04:15:00,3376.43,3378.32,3375.03,3378.14,2914
2025-08-07 04:30:00,3378.13,3382.13,3377.74,3381.78,2936
2025-08-07 04:45:00,3381.76,3382.55,3379.72,3382.33,2209
2025-08-07 05:00:00,3382.33,3384.11,3380.48,3381.71,2005
2025-08-07 05:15:00,3381.69,3381.82,3378.61,3378.99,2085
2025-08-07 05:30:00,3378.96,3381.56,3378.28,3380.99,1460
2025-08-07 05:45:00,3380.99,3381.75,3379.53,3379.61,1198
2025-08-07 06:00:00,3379.62,3379.74,3376.74,3377.87,1587
2025-08-07 06:15:00,3377.88,3378.33,3376.35,3378.05,1005
2025-08-07 06:30:00,3378.07,3379.22,3376.98,3377.35,1260
2025-08-07 06:45:00,3377.34,3380.11,3377.3,3379.61,1662
2025-08-07 07:00:00,3379.61,3379.94,3377.69,3378.31,1247
2025-08-07 07:15:00,3378.3,3380.45,3377.27,3377.74,1597
2025-08-07 07:30:00,3377.75,3379.57,3377.69,3378.53,1360
2025-08-07 07:45:00,3378.53,3379.52,3376.66,3377.45,1176
2025-08-07 08:00:00,3377.62,3381.11,3377.24,3378.87,2499
2025-08-07 08:15:00,3378.83,3379.73,3377.08,3379.67,1645
2025-08-07 08:30:00,3379.7,3379.74,3372.28,3372.44,2863
2025-08-07 08:45:00,3372.41,3375.93,3371.45,3375.51,2990
2025-08-07 09:00:00,3375.66,3379.23,3374.81,3378.57,4074
2025-08-07 09:15:00,3378.56,3380.71,3377.58,3380.28,3048
2025-08-07 09:30:00,3380.28,3386.2,3380.0,3385.26,2331
2025-08-07 09:45:00,3385.38,3388.02,3383.74,3388.02,2254
2025-08-07 10:00:00,3388.17,3388.42,3386.09,3387.81,2287
2025-08-07 10:15:00,3387.81,3393.75,3387.71,3392.08,2634
2025-08-07 10:30:00,3392.09,3396.07,3391.92,3394.63,4392
2025-08-07 10:45:00,3394.63,3397.43,3393.2,3396.15,3331
2025-08-07 11:00:00,3396.36,3396.5,3380.03,3381.22,5867
2025-08-07 11:15:00,3381.18,3381.62,3373.01,3374.29,5522
2025-08-07 11:30:00,3374.28,3379.74,3372.29,3378.51,4141
2025-08-07 11:45:00,3378.53,3382.44,3377.5,3378.18,4446
2025-08-07 12:00:00,3378.1,3381.19,3376.3,3380.7,4325
2025-08-07 12:15:00,3380.68,3380.97,3376.44,3376.93,4154
2025-08-07 12:30:00,3376.96,3378.59,3373.43,3378.45,4075
2025-08-07 12:45:00,3378.46,3380.66,3376.41,3376.73,2776
2025-08-07 13:00:00,3376.78,3377.73,3374.65,3377.67,2669
2025-08-07 13:15:00,3377.66,3378.86,3374.56,3374.57,2662
2025-08-07 13:30:00,3374.58,3378.15,3374.46,3377.3,2665
2025-08-07 13:45:00,3377.28,3377.29,3371.81,3373.09,2600
2025-08-07 14:00:00,3373.08,3380.25,3371.85,3380.21,3554
2025-08-07 14:15:00,3380.18,3383.18,3378.88,3381.87,3700
2025-08-07 14:30:00,3381.91,3383.32,3375.97,3379.11,4617
2025-08-07 14:45:00,3379.17,3379.36,3376.37,3378.34,3550
2025-08-07 15:00:00,3378.47,3380.44,3375.32,3376.32,3415
2025-08-07 15:15:00,3376.32,3381.89,3376.22,3381.0,3015
2025-08-07 15:30:00,3380.88,3389.75,3380.88,3385.07,4362
2025-08-07 15:45:00,3385.01,3385.32,3379.72,3380.77,4766
2025-08-07 16:00:00,3380.76,3385.43,3380.07,3384.73,4317
2025-08-07 16:15:00,3384.73,3387.32,3382.36,3386.53,3962
2025-08-07 16:30:00,3386.48,3390.99,3385.68,3390.49,6011
2025-08-07 16:45:00,3390.46,3393.8,3384.81,3384.89,5717
2025-08-07 17:00:00,3384.8,3390.04,3375.06,3390.04,6939
2025-08-07 17:15:00,3390.06,3390.14,3379.2,3381.9,6502
2025-08-07 17:30:00,3381.88,3389.19,3380.52,3387.23,5226
2025-08-07 17:45:00,3387.31,3389.3,3385.53,3387.93,4399
2025-08-07 18:00:00,3388.12,3390.03,3386.71,3389.31,4070
2025-08-07 18:15:00,3389.36,3390.31,3384.3,3385.87,3588
2025-08-07 18:30:00,3385.86,3388.5,3385.19,3385.99,2799
2025-08-07 18:45:00,3385.98,3390.82,3385.9,3390.23,2572
2025-08-07 19:00:00,3390.31,3392.56,3390.16,3390.7,3309
2025-08-07 19:15:00,3390.69,3391.58,3389.31,3389.6,2262
2025-08-07 19:30:00,3389.6,3390.12,3386.96,3388.41,2281
2025-08-07 19:45:00,3388.43,3390.14,3387.94,3388.85,1714
2025-08-07 20:00:00,3388.85,3389.06,3384.95,3385.5,3072
2025-08-07 20:15:00,3385.61,3389.05,3384.43,3388.89,3725
2025-08-07 20:30:00,3388.91,3392.19,3387.95,3391.68,2464
2025-08-07 20:45:00,3391.68,3392.97,3391.68,3392.26,1938
2025-08-07 21:00:00,3392.27,3393.91,3391.22,3391.26,2126
2025-08-07 21:15:00,3391.26,3392.34,3388.91,3388.95,2264
2025-08-07 21:30:00,3388.94,3390.75,3388.31,3388.89,2335
2025-08-07 21:45:00,3388.92,3390.02,3387.44,3388.18,2004
2025-08-07 22:00:00,3388.19,3389.54,3387.12,3388.85,1897
2025-08-07 22:15:00,3388.85,3390.21,3388.65,3389.7,1912
2025-08-07 22:30:00,3389.7,3399.74,3389.7,3399.41,5104
2025-08-07 22:45:00,3399.4,3400.69,3396.77,3399.54,4300
2025-08-07 23:00:00,3399.58,3400.89,3397.84,3400.12,2950
2025-08-07 23:15:00,3400.15,3401.81,3399.37,3401.06,2116
2025-08-07 23:30:00,3401.03,3401.65,3396.8,3398.73,3003
2025-08-07 23:45:00,3398.74,3399.1,3392.26,3395.16,2678
2025-08-08 01:00:00,3401.36,3409.27,3388.6,3392.05,2464
2025-08-08 01:15:00,3392.35,3393.6,3386.65,3393.12,3929
2025-08-08 01:30:00,3392.98,3402.9,3389.8,3399.59,4144
2025-08-08 01:45:00,3399.58,3405.7,3392.96,3403.86,2964
2025-08-08 02:00:00,3403.71,3405.47,3397.17,3398.81,1487
2025-08-08 02:15:00,3398.6,3399.96,3394.81,3397.03,1261
2025-08-08 02:30:00,3397.17,3401.89,3394.49,3400.75,1122
2025-08-08 02:45:00,3400.78,3401.85,3397.63,3399.83,2420
2025-08-08 03:00:00,3399.88,3402.08,3396.83,3399.61,6449
2025-08-08 03:15:00,3399.64,3399.79,3390.16,3391.09,5568
2025-08-08 03:30:00,3391.29,3393.97,3388.92,3393.81,5393
2025-08-08 03:45:00,3393.75,3395.13,3386.37,3388.83,6095
2025-08-08 04:00:00,3389.12,3390.85,3381.9,3383.65,6425
2025-08-08 04:15:00,3383.59,3385.94,3381.05,3384.81,6060
2025-08-08 04:30:00,3384.88,3385.5,3380.96,3383.05,5201
2025-08-08 04:45:00,3383.07,3385.93,3382.36,3383.53,4720
2025-08-08 05:00:00,3383.54,3387.59,3383.16,3387.29,4458
2025-08-08 05:15:00,3387.28,3388.55,3385.89,3386.64,3340
2025-08-08 05:30:00,3386.62,3389.61,3386.09,3388.72,4494
2025-08-08 05:45:00,3388.76,3390.21,3387.82,3388.59,4298
2025-08-08 06:00:00,3388.51,3388.94,3383.61,3386.11,5165
2025-08-08 06:15:00,3386.08,3389.71,3384.93,3388.99,4481
2025-08-08 06:30:00,3389.0,3397.66,3388.6,3395.39,5338
2025-08-08 06:45:00,3395.41,3396.97,3394.28,3395.43,4478
2025-08-08 07:00:00,3395.43,3397.35,3394.71,3396.47,3071
2025-08-08 07:15:00,3396.47,3399.0,3395.75,3398.35,2918
2025-08-08 07:30:00,3398.34,3398.84,3395.75,3397.6,2940
2025-08-08 07:45:00,3397.6,3399.22,3393.3,3394.16,3672
2025-08-08 08:00:00,3394.14,3395.36,3392.23,3394.08,3428
2025-08-08 08:15:00,3394.07,3395.73,3390.76,3391.8,3318
2025-08-08 08:30:00,3391.78,3393.52,3390.2,3392.46,3884
2025-08-08 08:45:00,3392.46,3394.33,3391.54,3392.21,3600
2025-08-08 09:00:00,3392.08,3397.77,3391.84,3394.65,5106
2025-08-08 09:15:00,3394.65,3395.57,3392.32,3393.96,4865
2025-08-08 09:30:00,3393.93,3395.2,3389.16,3390.14,4606
2025-08-08 09:45:00,3390.18,3395.17,3388.72,3393.66,4437
2025-08-08 10:00:00,3393.72,3400.42,3393.63,3396.16,4867
2025-08-08 10:15:00,3396.14,3397.4,3394.05,3394.93,4850
2025-08-08 10:30:00,3394.98,3400.72,3391.78,3398.46,6342
2025-08-08 10:45:00,3398.59,3404.07,3397.88,3401.84,5865
2025-08-08 11:00:00,3401.82,3402.43,3399.81,3400.87,4838
2025-08-08 11:15:00,3400.88,3401.51,3398.18,3399.08,3346
2025-08-08 11:30:00,3399.03,3399.92,3396.76,3399.02,5615
2025-08-08 11:45:00,3399.05,3399.16,3394.03,3394.17,5497
2025-08-08 12:00:00,3394.16,3399.2,3393.71,3398.56,4852
2025-08-08 12:15:00,3398.56,3401.24,3398.38,3399.28,4683
2025-08-08 12:30:00,3399.3,3401.27,3396.42,3400.58,4832
2025-08-08 12:45:00,3400.57,3401.33,3399.52,3400.82,4245
2025-08-08 13:00:00,3400.86,3401.02,3395.67,3397.14,4402
2025-08-08 13:15:00,3397.15,3397.22,3389.39,3390.65,5239
2025-08-08 13:30:00,3390.65,3391.68,3386.31,3388.42,5829
2025-08-08 13:45:00,3388.47,3389.2,3384.18,3385.1,5206
2025-08-08 14:00:00,3385.14,3388.77,3384.4,3385.49,5767
2025-08-08 14:15:00,3385.53,3385.9,3380.61,3381.66,5085
2025-08-08 14:30:00,3381.57,3387.23,3381.01,3387.16,6205
2025-08-08 14:45:00,3387.13,3388.55,3383.88,3386.31,6082
2025-08-08 15:00:00,3386.32,3390.24,3385.19,3387.27,6165
2025-08-08 15:15:00,3387.36,3396.72,3385.61,3394.37,6313
2025-08-08 15:30:00,3394.36,3401.9,3394.36,3399.01,7530
2025-08-08 15:45:00,3398.98,3399.62,3388.37,3391.28,7069
2025-08-08 16:00:00,3391.28,3396.1,3387.75,3395.74,6921
2025-08-08 16:15:00,3395.67,3395.79,3387.72,3392.12,6841
2025-08-08 16:30:00,3392.16,3397.85,3389.74,3396.27,6686
2025-08-08 16:45:00,3396.27,3401.59,3396.05,3400.33,5877
2025-08-08 17:00:00,3400.31,3401.29,3384.21,3387.9,6831
2025-08-08 17:15:00,3387.85,3389.97,3383.14,3383.19,5879
2025-08-08 17:30:00,3383.16,3388.38,3381.23,3387.05,5040
2025-08-08 17:45:00,3387.09,3391.26,3385.93,3390.72,4692
2025-08-08 18:00:00,3390.69,3392.8,3388.75,3391.31,4627
2025-08-08 18:15:00,3391.32,3395.32,3389.55,3393.2,4542
2025-08-08 18:30:00,3393.25,3394.67,3390.7,3392.23,4117
2025-08-08 18:45:00,3392.23,3395.46,3390.85,3395.46,4646
2025-08-08 19:00:00,3395.63,3397.36,3394.02,3395.1,3771
2025-08-08 19:15:00,3394.97,3398.44,3393.53,3397.77,4015
2025-08-08 19:30:00,3397.78,3400.42,3397.74,3398.49,3799
2025-08-08 19:45:00,3398.53,3400.22,3397.32,3397.32,3071
2025-08-08 20:00:00,3397.32,3399.05,3395.21,3398.73,3675
2025-08-08 20:15:00,3398.72,3398.92,3395.67,3398.26,3731
2025-08-08 20:30:00,3398.54,3399.31,3395.92,3397.12,2398
2025-08-08 20:45:00,3397.13,3398.24,3381.35,3383.68,2683
2025-08-08 21:00:00,3383.68,3403.57,3376.46,3397.0,7748
2025-08-08 21:15:00,3396.64,3399.15,3389.27,3394.08,6624
2025-08-08 21:30:00,3394.09,3397.14,3390.22,3395.41,4936
2025-08-08 21:45:00,3395.4,3400.7,3393.21,3395.27,4215
2025-08-08 22:00:00,3395.18,3400.34,3394.07,3397.5,4279
2025-08-08 22:15:00,3397.47,3399.46,3392.94,3394.08,4009
2025-08-08 22:30:00,3393.95,3398.45,3392.14,3396.01,4193
2025-08-08 22:45:00,3396.06,3399.33,3395.0,3398.23,4499
2025-08-08 23:00:00,3398.27,3398.85,3394.39,3394.77,2515
2025-08-08 23:15:00,3394.76,3396.35,3393.56,3395.36,2551
2025-08-08 23:30:00,3395.36,3398.84,3391.91,3397.35,2173
2025-08-08 23:45:00,3397.29,3398.12,3396.7,3397.42,400
2025-08-11 01:00:00,3403.02,3403.85,3388.34,3393.59,2204
2025-08-11 01:15:00,3393.46,3396.14,3392.0,3394.86,1523
2025-08-11 01:30:00,3394.82,3394.82,3392.18,3393.82,1249
2025-08-11 01:45:00,3393.63,3395.53,3392.68,3395.15,1070
2025-08-11 02:00:00,3395.17,3396.88,3392.89,3393.31,1292
2025-08-11 02:15:00,3393.31,3395.78,3392.43,3394.59,824
2025-08-11 02:30:00,3394.52,3394.95,3393.03,3393.69,723
2025-08-11 02:45:00,3393.69,3394.35,3390.08,3391.44,1438
2025-08-11 03:00:00,3391.44,3391.72,3386.34,3387.2,3578
2025-08-11 03:15:00,3387.19,3390.25,3386.07,3387.96,2642
2025-08-11 03:30:00,3387.96,3388.09,3382.33,3383.5,3043
2025-08-11 03:45:00,3383.49,3384.47,3381.11,3381.28,3286
2025-08-11 04:00:00,3381.27,3383.65,3367.41,3372.59,5463
2025-08-11 04:15:00,3372.56,3376.27,3371.25,3375.14,4145
2025-08-11 04:30:00,3375.14,3375.55,3370.94,3374.76,3393
2025-08-11 04:45:00,3374.77,3379.84,3373.76,3377.34,3680
2025-08-11 05:00:00,3377.3,3378.92,3373.07,3373.26,3578
2025-08-11 05:15:00,3373.22,3377.51,3369.81,3377.36,3360
2025-08-11 05:30:00,3377.37,3378.28,3373.79,3375.99,3121
2025-08-11 05:45:00,3375.99,3379.9,3375.84,3377.37,2895
2025-08-11 06:00:00,3377.33,3378.64,3375.83,3378.0,2629
2025-08-11 06:15:00,3378.0,3379.59,3377.65,3378.43,2322
2025-08-11 06:30:00,3378.41,3380.14,3373.92,3374.91,2539
2025-08-11 06:45:00,3374.75,3378.9,3374.43,3378.37,2234
2025-08-11 07:00:00,3378.44,3378.65,3376.25,3377.94,2017
2025-08-11 07:15:00,3378.0,3379.69,3376.7,3377.71,2134
2025-08-11 07:30:00,3377.71,3378.84,3376.27,3377.51,1748
2025-08-11 07:45:00,3377.51,3377.7,3375.35,3375.84,1720
2025-08-11 08:00:00,3375.79,3379.33,3374.14,3378.37,2677
2025-08-11 08:15:00,3378.36,3380.09,3377.07,3377.1,2354
2025-08-11 08:30:00,3377.1,3377.8,3374.82,3376.17,2397
2025-08-11 08:45:00,3376.2,3378.67,3376.1,3376.99,1959
2025-08-11 09:00:00,3377.02,3377.19,3371.59,3373.44,3239
2025-08-11 09:15:00,3373.43,3374.14,3366.53,3366.54,3064
2025-08-11 09:30:00,3366.52,3369.38,3363.76,3365.88,4000
2025-08-11 09:45:00,3365.87,3368.91,3364.14,3365.68,2648
2025-08-11 10:00:00,3365.74,3365.98,3359.55,3363.09,3676
2025-08-11 10:15:00,3363.09,3366.51,3362.84,3365.43,2913
2025-08-11 10:30:00,3365.48,3365.82,3358.89,3362.4,3901
2025-08-11 10:45:00,3362.34,3362.48,3356.98,3359.99,4186
2025-08-11 11:00:00,3359.99,3362.8,3358.87,3358.95,3426
2025-08-11 11:15:00,3358.97,3365.85,3358.83,3364.78,3214
2025-08-11 11:30:00,3364.94,3365.72,3362.2,3363.03,2384
2025-08-11 11:45:00,3363.06,3364.31,3361.16,3361.92,3039
2025-08-11 12:00:00,3361.91,3361.91,3355.92,3355.94,3033
2025-08-11 12:15:00,3355.93,3363.77,3354.23,3363.54,3420
2025-08-11 12:30:00,3363.56,3363.64,3357.29,3358.85,3209
2025-08-11 12:45:00,3358.85,3359.22,3352.91,3353.22,2961
2025-08-11 13:00:00,3353.27,3359.89,3352.99,3359.87,2939
2025-08-11 13:15:00,3359.87,3363.9,3359.41,3361.01,3099
2025-08-11 13:30:00,3361.01,3363.61,3360.25,3360.7,2628
2025-08-11 13:45:00,3360.79,3360.92,3358.24,3358.47,1965
2025-08-11 14:00:00,3358.47,3358.92,3353.38,3354.39,2818
2025-08-11 14:15:00,3354.39,3355.74,3349.99,3352.06,3198
2025-08-11 14:30:00,3352.07,3353.8,3349.82,3353.79,3468
2025-08-11 14:45:00,3353.79,3355.36,3351.19,3355.3,3120
2025-08-11 15:00:00,3355.31,3357.03,3353.33,3353.79,2849
2025-08-11 15:15:00,3353.79,3356.56,3347.35,3349.3,3881
2025-08-11 15:30:00,3349.3,3355.38,3344.41,3355.1,4815
2025-08-11 15:45:00,3354.97,3357.61,3352.89,3356.92,3522
2025-08-11 16:00:00,3356.92,3358.76,3348.6,3349.98,4194
2025-08-11 16:15:00,3349.98,3352.57,3348.24,3350.39,3829
2025-08-11 16:30:00,3350.45,3358.34,3349.4,3358.05,5113
2025-08-11 16:45:00,3358.03,3362.82,3358.03,3358.49,4394
2025-08-11 17:00:00,3358.44,3359.24,3354.84,3358.63,4576
2025-08-11 17:15:00,3358.63,3359.33,3351.79,3352.02,4061
2025-08-11 17:30:00,3351.95,3352.67,3341.49,3346.62,4901
2025-08-11 17:45:00,3346.62,3349.02,3344.65,3346.25,3441
2025-08-11 18:00:00,3346.26,3348.86,3344.89,3346.27,3255
2025-08-11 18:15:00,3346.27,3350.22,3345.89,3349.89,2788
2025-08-11 18:30:00,3349.86,3352.1,3347.76,3349.1,2905
2025-08-11 18:45:00,3349.1,3349.85,3347.48,3349.48,3062
2025-08-11 19:00:00,3349.49,3350.31,3345.36,3347.61,3739
2025-08-11 19:15:00,3347.59,3349.47,3346.32,3346.37,2248
2025-08-11 19:30:00,3346.36,3347.0,3342.83,3344.32,2469
2025-08-11 19:45:00,3344.32,3344.65,3342.59,3344.09,2308
2025-08-11 20:00:00,3344.13,3344.52,3342.15,3343.23,1969
2025-08-11 20:15:00,3343.14,3345.6,3342.02,3345.31,2369
2025-08-11 20:30:00,3345.37,3358.49,3341.09,3358.18,5727
2025-08-11 20:45:00,3358.2,3358.73,3354.88,3357.57,3516
2025-08-11 21:00:00,3357.57,3358.6,3353.87,3354.24,2785
2025-08-11 21:15:00,3354.25,3356.08,3352.3,3355.27,2580
2025-08-11 21:30:00,3355.24,3356.98,3354.01,3356.01,2200
2025-08-11 21:45:00,3356.01,3356.57,3354.22,3356.15,1698
2025-08-11 22:00:00,3356.16,3356.81,3352.75,3353.2,1507
2025-08-11 22:15:00,3353.2,3353.69,3351.69,3352.88,1201
2025-08-11 22:30:00,3352.9,3354.06,3352.06,3353.8,1521
2025-08-11 22:45:00,3353.79,3354.27,3350.41,3351.45,2485
2025-08-11 23:00:00,3351.43,3351.75,3349.97,3350.18,1114
2025-08-11 23:15:00,3350.17,3351.29,3349.6,3349.62,1045
2025-08-11 23:30:00,3349.63,3349.71,3346.39,3346.86,1611
2025-08-11 23:45:00,3346.86,3347.35,3342.07,3342.38,1413
2025-08-12 01:00:00,3343.1,3346.78,3342.16,3346.21,1033
2025-08-12 01:15:00,3346.22,3346.49,3344.3,3344.9,876
2025-08-12 01:30:00,3344.89,3345.43,3343.07,3343.5,910
2025-08-12 01:45:00,3343.49,3347.32,3343.43,3347.19,945
2025-08-12 02:00:00,3347.15,3347.84,3346.12,3347.28,993
2025-08-12 02:15:00,3347.53,3349.47,3346.65,3346.85,892
2025-08-12 02:30:00,3346.84,3349.07,3346.5,3347.84,834
2025-08-12 02:45:00,3347.84,3349.62,3347.82,3349.11,757
2025-08-12 03:00:00,3349.08,3351.24,3347.4,3351.22,1610
2025-08-12 03:15:00,3351.22,3353.19,3349.88,3350.44,1861
2025-08-12 03:30:00,3350.43,3355.08,3350.25,3354.85,1583
2025-08-12 03:45:00,3354.85,3355.81,3354.17,3354.51,1464
2025-08-12 04:00:00,3354.48,3357.57,3352.86,3356.51,2380
2025-08-12 04:15:00,3356.51,3357.49,3349.61,3351.03,2196
2025-08-12 04:30:00,3351.0,3351.55,3345.99,3350.04,2709
2025-08-12 04:45:00,3350.0,3352.44,3348.9,3349.9,2380
2025-08-12 05:00:00,3349.9,3352.74,3349.68,3351.1,1649
2025-08-12 05:15:00,3351.1,3353.08,3350.12,3352.78,1568
2025-08-12 05:30:00,3352.77,3354.34,3349.97,3350.57,1555
2025-08-12 05:45:00,3350.56,3353.53,3350.02,3352.9,1540
2025-08-12 06:00:00,3352.9,3355.28,3352.89,3354.83,1454
2025-08-12 06:15:00,3354.84,3354.9,3350.85,3351.03,1726
2025-08-12 06:30:00,3351.03,3351.5,3349.17,3349.95,1475
2025-08-12 06:45:00,3349.96,3350.83,3348.08,3349.49,1241
2025-08-12 07:00:00,3349.49,3352.17,3348.62,3351.14,1213
2025-08-12 07:15:00,3351.18,3352.97,3351.12,3351.92,1176
2025-08-12 07:30:00,3352.02,3354.38,3349.63,3354.28,1663
2025-08-12 07:45:00,3354.28,3355.6,3352.91,3354.4,1380
2025-08-12 08:00:00,3354.41,3354.97,3352.86,3353.68,1501
2025-08-12 08:15:00,3353.68,3354.95,3352.99,3353.25,1420
2025-08-12 08:30:00,3353.24,3354.25,3352.09,3352.35,1580
2025-08-12 08:45:00,3352.35,3355.77,3350.32,3354.49,1762
2025-08-12 09:00:00,3354.49,3354.81,3346.82,3348.53,2708
2025-08-12 09:15:00,3348.54,3348.54,3342.11,3344.65,3469
2025-08-12 09:30:00,3344.65,3349.18,3342.18,3348.91,2488
2025-08-12 09:45:00,3348.92,3348.92,3343.76,3345.54,1950
2025-08-12 10:00:00,3345.54,3347.89,3343.87,3345.02,1890
2025-08-12 10:15:00,3345.01,3349.26,3344.93,3349.22,1326
2025-08-12 10:30:00,3349.34,3358.16,3348.42,3355.51,2635
2025-08-12 10:45:00,3355.56,3357.28,3352.54,3355.58,2176
2025-08-12 11:00:00,3355.54,3355.71,3351.38,3352.97,1784
2025-08-12 11:15:00,3352.95,3353.65,3348.49,3349.71,1746
2025-08-12 11:30:00,3349.71,3350.97,3345.92,3347.01,1928
2025-08-12 11:45:00,3346.99,3349.18,3345.44,3347.91,1694
2025-08-12 12:00:00,3347.92,3351.91,3346.71,3350.95,1891
2025-08-12 12:15:00,3350.92,3351.49,3348.44,3348.44,1226
2025-08-12 12:30:00,3348.45,3349.22,3347.32,3348.1,1191
2025-08-12 12:45:00,3348.11,3348.5,3344.31,3345.58,1444
2025-08-12 13:00:00,3345.53,3348.68,3344.08,3348.42,2019
2025-08-12 13:15:00,3348.43,3350.59,3347.17,3349.46,1911
2025-08-12 13:30:00,3349.46,3350.27,3345.03,3345.03,1457
2025-08-12 13:45:00,3344.99,3346.61,3343.86,3344.67,1838
2025-08-12 14:00:00,3344.67,3345.11,3341.9,3343.84,2124
2025-08-12 14:15:00,3343.86,3343.93,3339.17,3343.22,2135
2025-08-12 14:30:00,3343.22,3346.45,3336.07,3346.45,3243
2025-08-12 14:45:00,3346.44,3348.39,3344.57,3347.53,1970
2025-08-12 15:00:00,3347.53,3348.51,3343.93,3344.3,2276
2025-08-12 15:15:00,3344.44,3344.79,3337.18,3337.18,3283
2025-08-12 15:30:00,3337.2,3354.19,3336.77,3349.73,6908
2025-08-12 15:45:00,3349.74,3358.03,3347.82,3349.74,5523
2025-08-12 16:00:00,3349.73,3354.08,3342.48,3344.19,5134
2025-08-12 16:15:00,3344.21,3349.97,3343.86,3347.52,4326
2025-08-12 16:30:00,3347.52,3355.35,3339.98,3354.6,5151
2025-08-12 16:45:00,3354.46,3356.58,3343.67,3345.57,6709
2025-08-12 17:00:00,3345.58,3346.55,3335.85,3336.0,5369
2025-08-12 17:15:00,3336.02,3337.4,3331.08,3335.07,5773
2025-08-12 17:30:00,3335.07,3338.86,3333.32,3336.05,3861
2025-08-12 17:45:00,3336.05,3338.45,3332.32,3337.54,4408
2025-08-12 18:00:00,3337.54,3344.77,3337.01,3343.12,4138
2025-08-12 18:15:00,3343.14,3359.0,3341.81,3354.39,4789
2025-08-12 18:30:00,3354.5,3358.02,3349.9,3353.33,5008
2025-08-12 18:45:00,3353.37,3354.43,3348.84,3349.81,3686
2025-08-12 19:00:00,3349.8,3350.63,3346.65,3347.04,3280
2025-08-12 19:15:00,3347.03,3349.11,3345.78,3348.88,3043
2025-08-12 19:30:00,3348.87,3351.12,3347.16,3348.99,2748
2025-08-12 19:45:00,3348.97,3349.83,3347.1,3349.32,2418
2025-08-12 20:00:00,3349.32,3350.01,3347.87,3350.01,2239
2025-08-12 20:15:00,3350.01,3350.66,3347.34,3348.11,2532
2025-08-12 20:30:00,3348.12,3349.88,3347.78,3348.36,2032
2025-08-12 20:45:00,3348.36,3348.98,3346.31,3348.92,1872
2025-08-12 21:00:00,3348.91,3350.74,3348.34,3349.02,1934
2025-08-12 21:15:00,3349.02,3350.5,3347.78,3348.98,1936
2025-08-12 21:30:00,3348.98,3349.58,3347.32,3348.53,1667
2025-08-12 21:45:00,3348.52,3349.69,3348.17,3349.03,1605
2025-08-12 22:00:00,3349.08,3349.35,3345.37,3346.39,1672
2025-08-12 22:15:00,3346.42,3348.37,3345.76,3348.12,1366
2025-08-12 22:30:00,3348.13,3349.24,3347.45,3347.73,1749
2025-08-12 22:45:00,3347.72,3348.48,3346.72,3347.59,1694
2025-08-12 23:00:00,3347.59,3347.77,3345.99,3346.73,1109
2025-08-12 23:15:00,3346.74,3348.34,3346.63,3348.03,869
2025-08-12 23:30:00,3348.03,3349.41,3347.18,3349.37,926
2025-08-12 23:45:00,3349.39,3350.02,3348.04,3348.3,582
2025-08-13 01:00:00,3349.77,3351.66,3349.04,3351.49,720
2025-08-13 01:15:00,3351.49,3353.73,3351.15,3351.94,762
2025-08-13 01:30:00,3351.92,3352.16,3350.38,3350.38,611
2025-08-13 01:45:00,3350.35,3351.33,3349.94,3350.58,615
2025-08-13 02:00:00,3350.57,3351.67,3349.99,3351.23,723
2025-08-13 02:15:00,3351.21,3351.98,3350.96,3351.39,493
2025-08-13 02:30:00,3351.42,3352.1,3350.76,3351.44,808
2025-08-13 02:45:00,3351.41,3351.43,3349.68,3350.58,806
2025-08-13 03:00:00,3350.57,3350.75,3346.04,3347.82,1751
2025-08-13 03:15:00,3347.81,3347.82,3343.72,3346.7,1967
2025-08-13 03:30:00,3346.7,3346.88,3344.41,3345.27,1493
2025-08-13 03:45:00,3345.28,3345.83,3342.55,3343.54,1674
2025-08-13 04:00:00,3343.62,3348.85,3343.28,3348.45,2239
2025-08-13 04:15:00,3348.49,3349.22,3342.66,3345.8,2428
2025-08-13 04:30:00,3345.8,3350.05,3345.39,3349.66,2268
2025-08-13 04:45:00,3349.66,3352.07,3349.38,3350.82,2235
2025-08-13 05:00:00,3350.85,3351.57,3346.49,3346.76,2131
2025-08-13 05:15:00,3346.82,3352.04,3346.64,3352.03,1854
2025-08-13 05:30:00,3352.03,3353.26,3349.36,3352.96,1812
2025-08-13 05:45:00,3352.79,3354.36,3351.2,3351.8,1858
2025-08-13 06:00:00,3351.8,3352.2,3349.6,3351.14,1604
2025-08-13 06:15:00,3351.13,3353.01,3348.67,3351.19,1788
2025-08-13 06:30:00,3351.18,3351.52,3349.49,3351.11,1058
2025-08-13 06:45:00,3350.94,3351.36,3349.28,3349.64,1103
2025-08-13 07:00:00,3349.62,3352.29,3348.23,3351.67,1410
2025-08-13 07:15:00,3351.65,3352.25,3350.08,3350.64,902
2025-08-13 07:30:00,3350.58,3350.96,3349.32,3350.37,762
2025-08-13 07:45:00,3350.36,3351.8,3349.96,3351.77,857
2025-08-13 08:00:00,3351.78,3351.97,3348.57,3350.31,1192
2025-08-13 08:15:00,3350.3,3351.28,3349.19,3351.01,948
2025-08-13 08:30:00,3351.01,3351.29,3345.76,3345.87,2158
2025-08-13 08:45:00,3345.85,3349.49,3345.45,3349.07,1466
2025-08-13 09:00:00,3349.06,3354.1,3348.75,3353.49,2266
2025-08-13 09:15:00,3353.55,3356.53,3353.55,3355.08,2389
2025-08-13 09:30:00,3355.07,3356.42,3353.77,3354.81,2283
2025-08-13 09:45:00,3354.82,3357.55,3354.76,3357.15,2122
2025-08-13 10:00:00,3357.21,3359.28,3353.99,3358.02,2104
2025-08-13 10:15:00,3358.0,3360.76,3356.17,3359.14,1937
2025-08-13 10:30:00,3359.08,3360.87,3356.35,3356.76,1585
2025-08-13 10:45:00,3356.67,3358.63,3354.39,3354.69,1853
2025-08-13 11:00:00,3354.71,3355.68,3352.75,3353.75,2231
2025-08-13 11:15:00,3353.73,3355.73,3352.86,3353.92,2053
2025-08-13 11:30:00,3353.88,3360.34,3353.52,3360.12,2070
2025-08-13 11:45:00,3360.13,3363.56,3358.69,3360.27,2294
2025-08-13 12:00:00,3360.27,3360.95,3358.57,3359.3,1421
2025-08-13 12:15:00,3359.3,3363.33,3358.86,3362.06,1598
2025-08-13 12:30:00,3362.06,3366.16,3361.77,3365.27,2443
2025-08-13 12:45:00,3365.26,3366.63,3363.94,3364.58,1990
2025-08-13 13:00:00,3364.59,3366.28,3362.97,3363.94,1584
2025-08-13 13:15:00,3363.96,3365.86,3363.56,3364.09,1193
2025-08-13 13:30:00,3364.27,3366.69,3364.27,3365.5,1488
2025-08-13 13:45:00,3365.5,3366.93,3363.71,3366.07,1523
2025-08-13 14:00:00,3366.07,3367.06,3361.11,3362.67,1755
2025-08-13 14:15:00,3362.67,3363.05,3359.32,3360.21,2292
2025-08-13 14:30:00,3360.23,3362.19,3358.94,3358.97,2345
2025-08-13 14:45:00,3358.95,3362.46,3358.76,3362.35,1714
2025-08-13 15:00:00,3362.42,3363.75,3356.4,3357.16,2580
2025-08-13 15:15:00,3357.16,3361.73,3356.45,3358.71,2477
2025-08-13 15:30:00,3358.71,3359.98,3355.44,3358.43,3056
2025-08-13 15:45:00,3358.43,3361.03,3357.39,3358.12,2354
2025-08-13 16:00:00,3358.14,3358.29,3354.42,3357.47,3138
2025-08-13 16:15:00,3357.47,3358.28,3353.95,3357.26,2411
2025-08-13 16:30:00,3357.24,3362.42,3356.3,3362.31,3429
2025-08-13 16:45:00,3362.3,3365.74,3359.99,3365.04,3577
2025-08-13 17:00:00,3365.04,3370.65,3363.13,3366.8,4235
2025-08-13 17:15:00,3366.88,3367.49,3363.26,3364.96,2989
2025-08-13 17:30:00,3364.82,3366.65,3363.11,3363.99,2700
2025-08-13 17:45:00,3364.02,3364.18,3360.99,3363.12,2715
2025-08-13 18:00:00,3363.12,3363.73,3357.96,3358.29,2758
2025-08-13 18:15:00,3358.31,3358.36,3355.52,3355.76,2778
2025-08-13 18:30:00,3355.77,3357.28,3354.22,3355.34,2360
2025-08-13 18:45:00,3355.33,3357.84,3355.0,3357.82,1846
2025-08-13 19:00:00,3357.89,3359.52,3357.12,3359.17,1759
2025-08-13 19:15:00,3359.2,3360.38,3358.86,3359.69,1761
2025-08-13 19:30:00,3359.69,3360.88,3356.99,3357.3,1538
2025-08-13 19:45:00,3357.33,3359.6,3357.31,3357.79,1410
2025-08-13 20:00:00,3357.78,3358.72,3357.15,3358.31,1151
2025-08-13 20:15:00,3358.31,3359.23,3356.83,3357.54,1719
2025-08-13 20:30:00,3357.54,3357.78,3353.29,3354.47,1540
2025-08-13 20:45:00,3354.47,3355.33,3352.67,3353.53,1404
2025-08-13 21:00:00,3353.56,3354.38,3351.26,3353.1,1593
2025-08-13 21:15:00,3353.2,3353.33,3350.0,3351.03,1580
2025-08-13 21:30:00,3351.04,3353.37,3350.93,3352.46,1192
2025-08-13 21:45:00,3352.47,3354.4,3352.47,3353.66,1107
2025-08-13 22:00:00,3353.66,3354.11,3352.62,3353.95,933
2025-08-13 22:15:00,3353.96,3356.91,3353.63,3355.59,990
2025-08-13 22:30:00,3355.59,3356.15,3354.66,3355.8,1059
2025-08-13 22:45:00,3355.8,3358.74,3355.63,3357.77,1761
2025-08-13 23:00:00,3357.78,3358.12,3356.38,3357.6,795
2025-08-13 23:15:00,3357.6,3357.6,3356.55,3357.03,656
2025-08-13 23:30:00,3357.02,3357.02,3355.66,3356.16,499
2025-08-13 23:45:00,3356.16,3356.42,3355.71,3355.82,333
2025-08-14 01:00:00,3357.18,3358.95,3356.61,3356.85,736
2025-08-14 01:15:00,3356.86,3358.04,3356.75,3357.14,517
2025-08-14 01:30:00,3357.15,3358.42,3356.76,3357.4,701
2025-08-14 01:45:00,3357.27,3358.13,3357.17,3357.34,512
2025-08-14 02:00:00,3357.34,3361.37,3357.34,3360.06,1036
2025-08-14 02:15:00,3360.1,3361.39,3359.77,3360.78,733
2025-08-14 02:30:00,3360.83,3363.14,3360.68,3362.8,953
2025-08-14 02:45:00,3362.79,3363.44,3361.54,3362.81,908
2025-08-14 03:00:00,3362.8,3368.58,3362.78,3368.08,2203
2025-08-14 03:15:00,3368.1,3373.16,3368.09,3373.04,2119
2025-08-14 03:30:00,3373.04,3374.53,3369.54,3371.07,2278
2025-08-14 03:45:00,3371.05,3371.98,3368.99,3369.48,1609
2025-08-14 04:00:00,3369.47,3370.88,3367.32,3368.88,2534
2025-08-14 04:15:00,3368.88,3370.35,3365.18,3365.98,2309
2025-08-14 04:30:00,3365.97,3367.94,3365.19,3366.61,2021
2025-08-14 04:45:00,3366.47,3370.7,3366.45,3367.31,2211
2025-08-14 05:00:00,3367.27,3369.26,3365.77,3368.55,2097
2025-08-14 05:15:00,3368.56,3368.93,3365.16,3365.3,1432
2025-08-14 05:30:00,3365.29,3368.51,3364.34,3367.77,1662
2025-08-14 05:45:00,3367.76,3367.84,3362.63,3362.73,1873
2025-08-14 06:00:00,3362.73,3363.92,3358.67,3359.75,2564
2025-08-14 06:15:00,3359.71,3359.77,3356.92,3357.36,2394
2025-08-14 06:30:00,3357.34,3358.41,3355.39,3357.34,1985
2025-08-14 06:45:00,3357.34,3360.44,3356.38,3360.44,1873
2025-08-14 07:00:00,3360.43,3361.16,3359.37,3360.47,1466
2025-08-14 07:15:00,3360.46,3361.27,3359.81,3361.12,1377
2025-08-14 07:30:00,3361.13,3361.74,3358.46,3360.84,1487
2025-08-14 07:45:00,3360.84,3361.75,3360.26,3360.48,1108
2025-08-14 08:00:00,3360.48,3361.54,3359.28,3361.34,1176
2025-08-14 08:15:00,3361.3,3361.86,3358.69,3359.18,1323
2025-08-14 08:30:00,3359.19,3359.42,3356.25,3359.18,2225
2025-08-14 08:45:00,3359.16,3359.89,3358.18,3358.97,1473
2025-08-14 09:00:00,3358.9,3361.13,3355.86,3359.38,2514
2025-08-14 09:15:00,3359.37,3359.41,3356.44,3358.93,2246
2025-08-14 09:30:00,3358.94,3360.07,3357.18,3358.63,2060
2025-08-14 09:45:00,3358.63,3362.37,3357.86,3362.13,2044
2025-08-14 10:00:00,3362.15,3366.48,3361.75,3362.62,2820
2025-08-14 10:15:00,3362.62,3364.99,3361.39,3362.6,1953
2025-08-14 10:30:00,3362.59,3362.62,3352.21,3352.36,2723
2025-08-14 10:45:00,3352.36,3352.54,3343.55,3346.1,3416
2025-08-14 11:00:00,3346.03,3347.48,3341.34,3344.48,3595
2025-08-14 11:15:00,3344.2,3349.88,3341.8,3349.87,2501
2025-08-14 11:30:00,3349.81,3350.4,3344.44,3346.44,2256
2025-08-14 11:45:00,3346.46,3348.21,3345.95,3346.21,2060
2025-08-14 12:00:00,3346.22,3355.3,3345.02,3355.0,2721
2025-08-14 12:15:00,3355.0,3359.06,3354.73,3356.06,2718
2025-08-14 12:30:00,3356.06,3357.98,3354.56,3355.0,1988
2025-08-14 12:45:00,3355.0,3358.18,3353.85,3356.57,1764
2025-08-14 13:00:00,3356.58,3358.68,3355.34,3358.17,1661
2025-08-14 13:15:00,3358.18,3358.66,3356.11,3357.52,1595
2025-08-14 13:30:00,3357.52,3359.09,3353.45,3354.15,1561
2025-08-14 13:45:00,3354.46,3355.11,3352.14,3355.03,1681
2025-08-14 14:00:00,3355.04,3357.17,3353.27,3354.34,1852
2025-08-14 14:15:00,3354.34,3355.54,3352.5,3355.24,1961
2025-08-14 14:30:00,3355.24,3356.87,3353.16,3354.07,1332
2025-08-14 14:45:00,3354.06,3355.75,3353.83,3355.43,1384
2025-08-14 15:00:00,3355.47,3358.32,3354.8,3355.34,1885
2025-08-14 15:15:00,3355.35,3356.04,3352.15,3352.15,2386
2025-08-14 15:30:00,3352.14,3353.69,3341.84,3353.08,5851
2025-08-14 15:45:00,3353.11,3356.48,3349.14,3350.64,4655
2025-08-14 16:00:00,3350.59,3355.93,3348.98,3352.92,4538
2025-08-14 16:15:00,3352.87,3356.05,3344.83,3345.25,4458
2025-08-14 16:30:00,3344.85,3349.33,3344.45,3348.27,4899
2025-08-14 16:45:00,3348.28,3348.88,3343.73,3344.05,4285
2025-08-14 17:00:00,3344.06,3345.98,3334.35,3338.31,5478
2025-08-14 17:15:00,3338.32,3346.01,3337.34,3344.87,4427
2025-08-14 17:30:00,3344.88,3346.67,3340.44,3340.82,3676
2025-08-14 17:45:00,3340.83,3342.27,3339.1,3340.5,3412
2025-08-14 18:00:00,3340.5,3341.81,3335.36,3336.9,3519
2025-08-14 18:15:00,3336.86,3340.71,3336.08,3339.47,2776
2025-08-14 18:30:00,3339.53,3342.56,3337.8,3340.49,2501
2025-08-14 18:45:00,3340.49,3342.8,3339.58,3341.72,2199
2025-08-14 19:00:00,3341.67,3342.01,3332.95,3334.21,2785
2025-08-14 19:15:00,3334.1,3334.85,3329.84,3332.04,3797
2025-08-14 19:30:00,3332.04,3335.26,3330.68,3334.1,2507
2025-08-14 19:45:00,3334.09,3335.2,3332.84,3334.41,2009
2025-08-14 20:00:00,3334.4,3337.26,3331.81,3337.1,2390
2025-08-14 20:15:00,3337.14,3338.46,3336.11,3337.04,2199
2025-08-14 20:30:00,3337.06,3337.41,3335.56,3337.23,1555
2025-08-14 20:45:00,3337.24,3338.32,3335.93,3337.78,1187
2025-08-14 21:00:00,3337.83,3338.28,3336.03,3336.82,1462
2025-08-14 21:15:00,3336.82,3337.88,3335.98,3337.0,1381
2025-08-14 21:30:00,3336.98,3339.22,3336.72,3338.66,1169
2025-08-14 21:45:00,3338.66,3339.11,3338.15,3338.24,1133
2025-08-14 22:00:00,3338.24,3340.94,3337.92,3340.75,1091
2025-08-14 22:15:00,3340.8,3340.99,3339.36,3340.49,996
2025-08-14 22:30:00,3340.44,3341.05,3339.1,3339.57,832
2025-08-14 22:45:00,3339.65,3340.17,3337.93,3337.96,1522
2025-08-14 23:00:00,3337.95,3338.53,3334.93,3335.12,927
2025-08-14 23:15:00,3335.14,3335.89,3334.44,3335.53,926
2025-08-14 23:30:00,3335.48,3335.94,3334.8,3335.48,833
2025-08-14 23:45:00,3335.42,3335.93,3334.67,3334.75,468
2025-08-15 01:00:00,3336.99,3337.69,3335.23,3335.38,721
2025-08-15 01:15:00,3335.3,3335.43,3332.69,3334.07,772
2025-08-15 01:30:00,3334.07,3334.96,3333.14,3334.06,918
2025-08-15 01:45:00,3333.89,3334.01,3332.52,3333.36,782
2025-08-15 02:00:00,3333.37,3333.78,3332.35,3333.58,728
2025-08-15 02:15:00,3333.62,3334.55,3333.32,3334.52,621
2025-08-15 02:30:00,3334.53,3336.48,3333.92,3336.35,686
2025-08-15 02:45:00,3336.35,3336.57,3334.5,3335.51,835
2025-08-15 03:00:00,3335.52,3335.87,3332.3,3333.14,1712
2025-08-15 03:15:00,3333.14,3336.19,3333.09,3335.91,1145
2025-08-15 03:30:00,3335.92,3336.78,3334.48,3336.42,939
2025-08-15 03:45:00,3336.48,3338.86,3335.62,3336.93,1595
2025-08-15 04:00:00,3336.93,3337.63,3335.2,3336.56,1948
2025-08-15 04:15:00,3336.58,3337.1,3333.28,3336.5,1866
2025-08-15 04:30:00,3336.48,3339.01,3335.28,3338.59,2316
2025-08-15 04:45:00,3338.61,3340.25,3337.83,3339.37,1832
2025-08-15 05:00:00,3339.37,3340.07,3338.06,3338.57,1427
2025-08-15 05:15:00,3338.57,3339.24,3336.59,3338.04,1557
2025-08-15 05:30:00,3338.05,3340.11,3337.42,3339.3,1664
2025-08-15 05:45:00,3339.3,3340.85,3338.98,3340.44,1451
2025-08-15 06:00:00,3340.44,3341.04,3340.12,3340.97,1314
2025-08-15 06:15:00,3340.95,3341.05,3340.04,3340.84,1042
2025-08-15 06:30:00,3340.84,3344.15,3340.73,3342.07,1552
2025-08-15 06:45:00,3342.07,3344.95,3342.07,3343.43,928
2025-08-15 07:00:00,3343.35,3345.46,3343.24,3345.15,1265
2025-08-15 07:15:00,3345.16,3346.22,3344.72,3345.6,1135
2025-08-15 07:30:00,3345.6,3346.58,3343.39,3345.1,1472
2025-08-15 07:45:00,3345.14,3345.52,3343.9,3345.48,1133
2025-08-15 08:00:00,3345.47,3348.76,3345.12,3346.01,1449
2025-08-15 08:15:00,3346.01,3346.08,3343.17,3343.4,1272
2025-08-15 08:30:00,3343.06,3346.78,3341.85,3346.77,1711
2025-08-15 08:45:00,3346.78,3347.22,3343.27,3343.89,1472
2025-08-15 09:00:00,3343.9,3344.0,3341.33,3341.91,1936
2025-08-15 09:15:00,3341.88,3344.01,3340.94,3341.47,1845
2025-08-15 09:30:00,3341.47,3343.95,3341.02,3341.88,1445
2025-08-15 09:45:00,3341.87,3343.53,3340.18,3340.48,1460
2025-08-15 10:00:00,3340.48,3342.83,3340.15,3342.16,1722
2025-08-15 10:15:00,3342.16,3345.86,3341.79,3344.74,1746
2025-08-15 10:30:00,3344.74,3345.15,3340.35,3343.21,2085
2025-08-15 10:45:00,3343.2,3346.54,3342.65,3346.19,1842
2025-08-15 11:00:00,3346.17,3348.22,3341.56,3341.57,2074
2025-08-15 11:15:00,3341.58,3342.28,3338.9,3339.43,2094
2025-08-15 11:30:00,3339.39,3341.35,3338.27,3339.3,1384
2025-08-15 11:45:00,3339.29,3342.78,3339.06,3341.29,2055
2025-08-15 12:00:00,3341.28,3342.37,3338.52,3339.5,2100
2025-08-15 12:15:00,3339.36,3345.02,3338.56,3344.27,1837
2025-08-15 12:30:00,3344.26,3344.77,3340.51,3341.84,1783
2025-08-15 12:45:00,3341.83,3343.17,3340.95,3342.63,1336
2025-08-15 13:00:00,3342.64,3342.64,3339.18,3339.87,1687
2025-08-15 13:15:00,3340.03,3341.11,3337.39,3338.17,1644
2025-08-15 13:30:00,3338.12,3339.47,3336.85,3338.17,1424
2025-08-15 13:45:00,3338.12,3340.45,3336.25,3337.69,1725
2025-08-15 14:00:00,3337.7,3340.72,3337.08,3339.56,1806
2025-08-15 14:15:00,3339.55,3340.26,3337.66,3340.04,1214
2025-08-15 14:30:00,3340.03,3343.93,3339.79,3343.37,1911
2025-08-15 14:45:00,3343.39,3344.23,3342.0,3342.37,1696
2025-08-15 15:00:00,3342.37,3342.84,3338.58,3338.85,1843
2025-08-15 15:15:00,3338.85,3339.77,3336.55,3336.74,2730
2025-08-15 15:30:00,3336.61,3343.61,3333.5,3342.89,4529
2025-08-15 15:45:00,3342.89,3343.94,3340.36,3342.68,3212
2025-08-15 16:00:00,3342.71,3345.97,3340.5,3341.33,3353
2025-08-15 16:15:00,3341.33,3341.74,3336.2,3338.24,3583
2025-08-15 16:30:00,3338.09,3340.23,3335.24,3336.28,3784
2025-08-15 16:45:00,3336.26,3337.19,3332.95,3334.56,3796
2025-08-15 17:00:00,3334.54,3340.94,3334.42,3338.88,3447
2025-08-15 17:15:00,3338.88,3342.68,3338.36,3338.44,3170
2025-08-15 17:30:00,3338.44,3343.28,3338.44,3342.06,2646
2025-08-15 17:45:00,3342.07,3343.49,3340.46,3341.79,2286
2025-08-15 18:00:00,3341.77,3344.68,3341.69,3342.4,2308
2025-08-15 18:15:00,3342.42,3343.99,3341.83,3343.37,1785
2025-08-15 18:30:00,3343.37,3345.09,3342.1,3342.51,1903
2025-08-15 18:45:00,3342.53,3343.67,3341.28,3342.31,1832
2025-08-15 19:00:00,3342.32,3342.43,3339.67,3339.82,1834
2025-08-15 19:15:00,3339.82,3340.31,3336.98,3338.5,1870
2025-08-15 19:30:00,3338.52,3339.38,3337.54,3338.36,1691
2025-08-15 19:45:00,3338.35,3338.39,3335.75,3338.1,1833
2025-08-15 20:00:00,3338.09,3338.89,3335.03,3335.8,1829
2025-08-15 20:15:00,3335.77,3337.51,3335.73,3336.45,1609
2025-08-15 20:30:00,3336.55,3337.33,3335.5,3336.73,1335
2025-08-15 20:45:00,3336.72,3336.72,3335.4,3336.07,1225
2025-08-15 21:00:00,3336.1,3336.43,3334.59,3336.24,1522
2025-08-15 21:15:00,3336.25,3338.27,3336.22,3337.08,1235
2025-08-15 21:30:00,3337.06,3337.66,3336.65,3336.83,914
2025-08-15 21:45:00,3336.83,3336.83,3335.59,3336.0,1141
2025-08-15 22:00:00,3336.01,3336.34,3334.36,3335.26,1378
2025-08-15 22:15:00,3335.3,3337.45,3335.02,3337.29,1063
2025-08-15 22:30:00,3337.29,3338.18,3336.74,3336.93,1330
2025-08-15 22:45:00,3336.93,3339.45,3336.6,3338.93,1532
2025-08-15 23:00:00,3338.93,3339.35,3337.98,3338.12,806
2025-08-15 23:15:00,3338.12,3338.12,3336.18,3336.87,714
2025-08-15 23:30:00,3336.84,3337.34,3335.96,3336.1,704
2025-08-15 23:45:00,3336.05,3336.88,3335.61,3335.7,286
2025-08-18 01:00:00,3336.0,3336.5,3332.55,3333.24,1330
2025-08-18 01:15:00,3333.22,3335.34,3332.85,3335.15,878
2025-08-18 01:30:00,3335.02,3335.26,3333.99,3334.74,493
2025-08-18 01:45:00,3334.74,3335.16,3333.93,3334.39,394
2025-08-18 02:00:00,3334.42,3334.45,3330.08,3330.3,1037
2025-08-18 02:15:00,3330.3,3330.8,3323.52,3329.05,1984
2025-08-18 02:30:00,3329.07,3329.5,3327.83,3328.02,825
2025-08-18 02:45:00,3328.01,3328.51,3325.84,3327.19,1178
2025-08-18 03:00:00,3327.21,3335.08,3326.86,3334.89,2142
2025-08-18 03:15:00,3334.86,3342.31,3334.11,3340.23,3079
2025-08-18 03:30:00,3340.17,3341.46,3338.88,3340.8,1939
2025-08-18 03:45:00,3340.7,3342.83,3340.34,3340.39,1748
2025-08-18 04:00:00,3340.38,3343.99,3339.92,3342.62,2896
2025-08-18 04:15:00,3342.61,3343.91,3339.76,3340.5,2112
2025-08-18 04:30:00,3340.52,3345.5,3339.44,3344.17,2421
2025-08-18 04:45:00,3344.14,3347.4,3343.62,3346.65,2094
2025-08-18 05:00:00,3346.66,3347.52,3344.44,3344.44,1701
2025-08-18 05:15:00,3344.44,3344.63,3342.31,3342.71,1348
2025-08-18 05:30:00,3342.74,3344.58,3342.57,3344.01,1647
2025-08-18 05:45:00,3344.02,3344.32,3342.62,3343.3,1093
2025-08-18 06:00:00,3343.3,3345.94,3343.3,3344.05,1221
2025-08-18 06:15:00,3344.05,3347.03,3343.92,3346.85,1362
2025-08-18 06:30:00,3346.84,3348.5,3346.61,3348.32,1256
2025-08-18 06:45:00,3348.36,3351.67,3346.53,3347.06,2214
2025-08-18 07:00:00,3347.0,3350.99,3346.81,3350.9,1346
2025-08-18 07:15:00,3350.9,3352.74,3350.34,3352.4,1501
2025-08-18 07:30:00,3352.4,3355.67,3352.37,3355.13,1760
2025-08-18 07:45:00,3355.13,3358.16,3355.11,3357.43,1767
2025-08-18 08:00:00,3357.4,3358.38,3354.64,3354.98,1739
2025-08-18 08:15:00,3354.94,3355.36,3351.09,3351.11,1892
2025-08-18 08:30:00,3351.12,3351.4,3346.47,3348.2,3187
2025-08-18 08:45:00,3348.2,3351.13,3346.94,3349.41,2367
2025-08-18 09:00:00,3349.42,3351.16,3348.9,3349.76,1803
2025-08-18 09:15:00,3349.74,3349.84,3346.11,3349.55,2333
2025-08-18 09:30:00,3349.55,3350.78,3348.29,3349.43,1484
2025-08-18 09:45:00,3349.41,3350.36,3347.88,3349.71,1679
2025-08-18 10:00:00,3349.7,3354.23,3348.11,3353.67,2460
2025-08-18 10:15:00,3353.64,3355.67,3352.2,3352.28,1983
2025-08-18 10:30:00,3352.26,3352.49,3348.91,3350.59,1776
2025-08-18 10:45:00,3350.6,3351.15,3347.12,3348.85,1825
2025-08-18 11:00:00,3348.84,3349.84,3344.57,3345.49,1969
2025-08-18 11:15:00,3345.45,3347.99,3344.51,3347.87,2061
2025-08-18 11:30:00,3347.82,3348.86,3346.59,3348.74,1452
2025-08-18 11:45:00,3348.74,3349.89,3347.59,3348.65,1382
2025-08-18 12:00:00,3348.66,3351.07,3348.19,3350.27,1323
2025-08-18 12:15:00,3350.27,3350.43,3348.0,3348.62,1270
2025-08-18 12:30:00,3348.55,3351.51,3347.75,3349.19,1975
2025-08-18 12:45:00,3349.18,3350.42,3347.42,3347.97,1574
2025-08-18 13:00:00,3347.98,3350.29,3347.96,3350.09,1225
2025-08-18 13:15:00,3350.08,3351.33,3348.06,3348.75,1373
2025-08-18 13:30:00,3348.75,3349.93,3348.0,3349.17,1666
2025-08-18 13:45:00,3349.11,3349.41,3346.45,3346.54,1122
2025-08-18 14:00:00,3346.6,3348.67,3346.43,3348.02,1186
2025-08-18 14:15:00,3348.03,3348.65,3347.4,3348.5,1184
2025-08-18 14:30:00,3348.49,3348.58,3346.69,3346.95,1011
2025-08-18 14:45:00,3346.94,3347.02,3344.48,3345.67,1385
2025-08-18 15:00:00,3345.67,3347.99,3345.07,3346.95,1689
2025-08-18 15:15:00,3346.96,3347.63,3345.23,3346.37,1846
2025-08-18 15:30:00,3346.48,3348.71,3345.92,3347.87,2217
2025-08-18 15:45:00,3347.87,3347.93,3343.02,3344.51,1823
2025-08-18 16:00:00,3344.46,3344.95,3340.99,3341.14,2989
2025-08-18 16:15:00,3341.12,3344.18,3340.3,3343.12,2558
2025-08-18 16:30:00,3343.05,3344.0,3337.92,3339.97,3102
2025-08-18 16:45:00,3339.96,3340.17,3335.69,3336.71,2917
2025-08-18 17:00:00,3336.73,3338.28,3332.39,3335.49,3678
2025-08-18 17:15:00,3335.48,3337.39,3335.04,3335.9,2441
2025-08-18 17:30:00,3335.89,3338.66,3334.61,3335.58,2344
2025-08-18 17:45:00,3335.54,3335.99,3332.92,3334.49,2611
2025-08-18 18:00:00,3334.45,3335.07,3332.12,3334.6,2282
2025-08-18 18:15:00,3334.64,3335.86,3333.35,3334.69,1685
2025-08-18 18:30:00,3334.69,3335.65,3333.03,3335.02,1654
2025-08-18 18:45:00,3335.03,3336.76,3333.89,3335.7,1715
2025-08-18 19:00:00,3335.72,3335.74,3331.89,3333.54,1919
2025-08-18 19:15:00,3333.43,3333.43,3331.92,3332.39,1576
2025-08-18 19:30:00,3332.4,3334.47,3331.67,3332.48,1420
2025-08-18 19:45:00,3332.33,3334.49,3332.3,3334.3,1554
2025-08-18 20:00:00,3334.29,3334.34,3331.56,3333.84,1583
2025-08-18 20:15:00,3333.84,3334.13,3331.97,3332.56,1585
2025-08-18 20:30:00,3332.56,3334.47,3332.34,3334.31,1065
2025-08-18 20:45:00,3334.32,3334.81,3332.87,3333.58,966
2025-08-18 21:00:00,3333.59,3333.79,3332.62,3332.97,822
2025-08-18 21:15:00,3332.97,3333.2,3332.01,3332.96,847
2025-08-18 21:30:00,3332.98,3333.45,3331.42,3332.02,797
2025-08-18 21:45:00,3332.03,3332.54,3331.53,3332.07,806
2025-08-18 22:00:00,3332.0,3332.14,3330.1,3331.22,1155
2025-08-18 22:15:00,3331.22,3332.32,3330.38,3331.82,1137
2025-08-18 22:30:00,3331.82,3332.74,3331.33,3331.41,926
2025-08-18 22:45:00,3331.41,3334.18,3331.41,3333.5,1242
2025-08-18 23:00:00,3333.55,3334.22,3333.24,3333.48,566
2025-08-18 23:15:00,3333.5,3333.77,3333.23,3333.29,350
2025-08-18 23:30:00,3333.3,3333.98,3332.64,3332.99,431
2025-08-18 23:45:00,3332.99,3333.26,3332.68,3332.94,327
2025-08-19 01:00:00,3333.93,3334.17,3332.85,3333.09,599
2025-08-19 01:15:00,3333.09,3334.62,3333.01,3333.87,698
2025-08-19 01:30:00,3333.87,3334.3,3333.23,3333.23,351
2025-08-19 01:45:00,3333.37,3334.56,3332.97,3334.48,324
2025-08-19 02:00:00,3334.53,3334.75,3333.34,3333.51,446
2025-08-19 02:15:00,3333.51,3333.54,3331.63,3332.27,610
2025-08-19 02:30:00,3332.25,3333.17,3331.39,3332.84,706
2025-08-19 02:45:00,3332.83,3332.83,3330.48,3330.91,810
2025-08-19 03:00:00,3330.84,3337.85,3326.15,3336.16,3159
2025-08-19 03:15:00,3336.16,3339.24,3335.59,3337.38,1902
2025-08-19 03:30:00,3337.41,3338.57,3334.9,3335.93,1374
2025-08-19 03:45:00,3335.93,3336.4,3332.66,3335.22,1567
2025-08-19 04:00:00,3335.25,3335.77,3330.37,3331.41,2992
2025-08-19 04:15:00,3331.36,3335.1,3330.81,3332.43,2497
2025-08-19 04:30:00,3332.43,3334.06,3331.12,3333.0,2375
2025-08-19 04:45:00,3332.99,3335.63,3332.47,3332.75,1856
2025-08-19 05:00:00,3332.8,3333.17,3329.31,3332.17,2167
2025-08-19 05:15:00,3332.14,3334.74,3331.8,3333.55,1363
2025-08-19 05:30:00,3333.53,3334.74,3332.88,3333.54,1180
2025-08-19 05:45:00,3333.54,3338.01,3332.11,3338.01,1648
2025-08-19 06:00:00,3338.03,3341.23,3337.32,3341.21,2146
2025-08-19 06:15:00,3341.21,3341.57,3340.16,3340.81,1752
2025-08-19 06:30:00,3340.82,3341.61,3337.79,3338.31,1284
2025-08-19 06:45:00,3338.1,3338.51,3336.94,3337.81,1250
2025-08-19 07:00:00,3337.8,3338.01,3335.93,3336.83,877
2025-08-19 07:15:00,3336.83,3338.09,3335.71,3336.36,923
2025-08-19 07:30:00,3336.13,3338.28,3334.41,3335.16,1365
2025-08-19 07:45:00,3335.14,3337.83,3334.92,3337.43,823
2025-08-19 08:00:00,3337.42,3338.69,3337.38,3338.03,899
2025-08-19 08:15:00,3337.99,3340.56,3336.37,3339.86,1326
2025-08-19 08:30:00,3339.86,3340.78,3337.7,3338.42,1344
2025-08-19 08:45:00,3338.42,3339.1,3335.68,3336.16,1457
2025-08-19 09:00:00,3336.13,3338.12,3335.08,3337.33,1622
2025-08-19 09:15:00,3337.32,3338.71,3335.99,3336.39,1422
2025-08-19 09:30:00,3336.39,3337.47,3334.62,3334.86,1375
2025-08-19 09:45:00,3334.86,3336.92,3334.5,3336.15,1385
2025-08-19 10:00:00,3336.17,3341.75,3335.01,3338.55,2140
2025-08-19 10:15:00,3338.56,3341.22,3338.55,3339.83,1662
2025-08-19 10:30:00,3339.83,3340.11,3337.52,3339.69,1621
2025-08-19 10:45:00,3339.74,3340.71,3338.54,3340.59,1449
2025-08-19 11:00:00,3340.59,3341.0,3336.65,3336.81,1371
2025-08-19 11:15:00,3336.81,3339.36,3336.43,3338.5,1198
2025-08-19 11:30:00,3338.51,3339.02,3337.51,3338.46,981
2025-08-19 11:45:00,3338.46,3339.4,3337.13,3338.04,1267
2025-08-19 12:00:00,3338.05,3339.35,3337.3,3337.39,1245
2025-08-19 12:15:00,3337.4,3338.39,3336.98,3337.76,1013
2025-08-19 12:30:00,3337.63,3339.32,3336.92,3338.76,1114
2025-08-19 12:45:00,3338.89,3339.62,3338.49,3339.3,1092
2025-08-19 13:00:00,3339.29,3343.1,3339.23,3342.79,1503
2025-08-19 13:15:00,3342.86,3345.2,3342.79,3343.9,1605
2025-08-19 13:30:00,3343.9,3344.01,3342.21,3342.59,1070
2025-08-19 13:45:00,3342.59,3343.96,3341.64,3343.56,1115
2025-08-19 14:00:00,3343.59,3344.68,3342.74,3343.0,1391
2025-08-19 14:15:00,3343.0,3343.3,3341.04,3341.82,830
2025-08-19 14:30:00,3341.83,3341.97,3339.12,3341.37,1132
2025-08-19 14:45:00,3341.36,3342.05,3339.54,3339.62,1626
2025-08-19 15:00:00,3339.66,3340.44,3336.62,3336.76,1820
2025-08-19 15:15:00,3336.76,3340.01,3336.07,3338.14,1911
2025-08-19 15:30:00,3338.28,3338.28,3334.5,3335.8,2278
2025-08-19 15:45:00,3335.8,3337.18,3334.13,3334.68,1820
2025-08-19 16:00:00,3334.76,3335.41,3325.52,3329.52,3464
2025-08-19 16:15:00,3329.5,3332.81,3328.48,3331.87,2953
2025-08-19 16:30:00,3331.75,3338.23,3331.62,3337.88,4057
2025-08-19 16:45:00,3337.99,3339.25,3333.66,3333.91,3050
2025-08-19 17:00:00,3333.91,3336.93,3332.17,3334.65,2983
2025-08-19 17:15:00,3334.65,3336.49,3333.73,3335.44,2330
2025-08-19 17:30:00,3335.45,3336.49,3325.47,3326.14,3892
2025-08-19 17:45:00,3326.2,3326.88,3320.83,3325.54,4362
2025-08-19 18:00:00,3325.54,3326.51,3321.49,3323.14,3257
2025-08-19 18:15:00,3323.17,3326.59,3322.02,3324.08,2503
2025-08-19 18:30:00,3324.08,3326.22,3322.41,3323.17,1896
2025-08-19 18:45:00,3323.12,3323.86,3321.62,3322.69,1841
2025-08-19 19:00:00,3322.72,3324.36,3320.61,3321.01,1996
2025-08-19 19:15:00,3321.03,3322.72,3318.67,3319.45,1845
2025-08-19 19:30:00,3319.45,3320.79,3318.0,3319.15,1906
2025-08-19 19:45:00,3319.16,3320.47,3316.92,3317.49,1935
2025-08-19 20:00:00,3317.48,3319.04,3316.79,3317.85,2054
2025-08-19 20:15:00,3317.86,3318.96,3314.96,3315.6,2115
2025-08-19 20:30:00,3315.6,3320.04,3315.51,3319.22,2027
2025-08-19 20:45:00,3319.22,3319.55,3317.45,3317.47,1242
2025-08-19 21:00:00,3317.47,3318.45,3316.83,3318.03,1376
2025-08-19 21:15:00,3317.98,3319.17,3317.96,3318.94,1074
2025-08-19 21:30:00,3318.94,3319.57,3318.09,3318.14,980
2025-08-19 21:45:00,3318.25,3320.02,3318.05,3318.63,1375
2025-08-19 22:00:00,3318.68,3318.9,3316.45,3317.3,1621
2025-08-19 22:15:00,3317.31,3318.09,3316.57,3316.99,1359
2025-08-19 22:30:00,3316.99,3317.46,3315.54,3315.99,1521
2025-08-19 22:45:00,3316.0,3316.75,3315.6,3315.84,1589
2025-08-19 23:00:00,3315.83,3316.74,3315.28,3315.39,680
2025-08-19 23:15:00,3315.38,3316.88,3314.95,3316.69,894
2025-08-19 23:30:00,3316.68,3317.43,3315.73,3315.89,693
2025-08-19 23:45:00,3315.9,3315.9,3315.05,3315.44,430
2025-08-20 01:00:00,3316.28,3317.54,3315.41,3316.79,565
2025-08-20 01:15:00,3316.81,3317.49,3316.11,3317.2,396
2025-08-20 01:30:00,3317.13,3317.13,3315.94,3316.54,331
2025-08-20 01:45:00,3316.5,3317.42,3315.75,3316.78,500
2025-08-20 02:00:00,3316.75,3316.75,3314.81,3315.19,761
2025-08-20 02:15:00,3315.19,3315.92,3314.91,3315.44,564
2025-08-20 02:30:00,3315.43,3316.67,3314.81,3315.58,664
2025-08-20 02:45:00,3315.57,3315.61,3312.83,3314.24,1032
2025-08-20 03:00:00,3314.06,3316.06,3313.28,3313.78,1551
2025-08-20 03:15:00,3313.78,3314.93,3313.18,3313.69,1240
2025-08-20 03:30:00,3313.7,3314.61,3312.86,3313.86,1129
2025-08-20 03:45:00,3313.86,3316.82,3313.1,3315.78,1870
2025-08-20 04:00:00,3315.76,3316.59,3312.22,3313.51,2489
2025-08-20 04:15:00,3313.5,3315.74,3311.4,3312.02,2370
2025-08-20 04:30:00,3311.99,3317.21,3311.52,3317.19,2563
2025-08-20 04:45:00,3317.22,3317.78,3315.09,3315.25,1986
2025-08-20 05:00:00,3315.24,3316.09,3313.06,3314.35,2045
2025-08-20 05:15:00,3314.35,3317.0,3313.59,3314.62,1523
2025-08-20 05:30:00,3314.84,3315.42,3312.43,3312.72,1871
2025-08-20 05:45:00,3312.73,3315.09,3312.22,3314.0,1523
2025-08-20 06:00:00,3313.99,3317.57,3313.98,3316.56,1866
2025-08-20 06:15:00,3316.56,3318.19,3315.18,3317.38,1739
2025-08-20 06:30:00,3317.38,3318.71,3316.44,3317.87,1142
2025-08-20 06:45:00,3317.83,3318.51,3317.02,3317.48,1055
2025-08-20 07:00:00,3317.48,3318.86,3317.2,3318.74,960
2025-08-20 07:15:00,3318.73,3319.41,3318.19,3318.59,788
2025-08-20 07:30:00,3318.64,3320.75,3318.36,3320.09,1200
2025-08-20 07:45:00,3320.14,3320.84,3318.64,3318.77,952
2025-08-20 08:00:00,3318.78,3320.44,3318.58,3319.31,1053
2025-08-20 08:15:00,3319.31,3319.38,3318.14,3318.57,945
2025-08-20 08:30:00,3318.7,3321.29,3318.4,3320.17,1765
2025-08-20 08:45:00,3320.17,3323.88,3319.88,3323.61,1515
2025-08-20 09:00:00,3323.55,3325.6,3322.5,3325.51,2676
2025-08-20 09:15:00,3325.58,3326.04,3323.04,3323.53,2095
2025-08-20 09:30:00,3323.6,3324.98,3323.08,3324.23,1396
2025-08-20 09:45:00,3324.23,3324.6,3322.2,3322.92,1575
2025-08-20 10:00:00,3322.99,3326.07,3321.54,3326.07,1555
2025-08-20 10:15:00,3326.07,3327.6,3324.43,3324.66,1550
2025-08-20 10:30:00,3324.67,3326.31,3323.7,3325.56,1327
2025-08-20 10:45:00,3325.56,3326.59,3323.89,3324.83,1367
2025-08-20 11:00:00,3324.75,3324.95,3322.89,3322.9,1344
2025-08-20 11:15:00,3323.28,3323.59,3321.6,3321.7,1559
2025-08-20 11:30:00,3321.71,3323.84,3320.93,3323.65,1493
2025-08-20 11:45:00,3323.53,3325.72,3323.02,3325.07,1159
2025-08-20 12:00:00,3325.06,3327.02,3323.6,3326.91,1382
2025-08-20 12:15:00,3326.89,3327.35,3325.25,3325.27,1335
2025-08-20 12:30:00,3325.29,3327.4,3325.27,3325.8,1277
2025-08-20 12:45:00,3325.8,3327.28,3325.39,3326.26,1285
2025-08-20 13:00:00,3326.18,3327.11,3325.2,3325.79,1014
2025-08-20 13:15:00,3325.77,3326.75,3323.74,3326.75,1740
2025-08-20 13:30:00,3326.75,3327.84,3326.09,3326.9,1348
2025-08-20 13:45:00,3326.87,3327.51,3325.45,3326.41,1190
2025-08-20 14:00:00,3326.44,3329.13,3325.66,3329.07,1773
2025-08-20 14:15:00,3329.05,3331.2,3328.35,3330.59,1848
2025-08-20 14:30:00,3330.6,3331.61,3328.86,3328.92,2028
2025-08-20 14:45:00,3328.91,3332.83,3328.91,3332.26,2137
2025-08-20 15:00:00,3332.41,3335.45,3331.98,3334.94,2446
2025-08-20 15:15:00,3334.87,3338.31,3334.7,3338.0,2817
2025-08-20 15:30:00,3338.15,3341.63,3337.55,3339.76,3465
2025-08-20 15:45:00,3339.7,3344.82,3339.12,3342.79,2427
2025-08-20 16:00:00,3342.77,3343.46,3340.22,3343.27,3142
2025-08-20 16:15:00,3343.24,3343.82,3338.86,3340.74,2185
2025-08-20 16:30:00,3340.72,3347.98,3340.48,3346.51,3053
2025-08-20 16:45:00,3346.64,3346.79,3340.28,3344.85,3548
2025-08-20 17:00:00,3344.72,3345.85,3340.43,3342.0,3028
2025-08-20 17:15:00,3342.0,3344.61,3339.99,3344.38,2425
2025-08-20 17:30:00,3344.4,3346.77,3344.18,3346.11,2427
2025-08-20 17:45:00,3346.12,3349.99,3345.58,3346.93,3220
2025-08-20 18:00:00,3346.93,3347.02,3342.16,3342.79,2294
2025-08-20 18:15:00,3342.8,3342.99,3339.55,3341.07,2126
2025-08-20 18:30:00,3341.29,3342.93,3339.76,3340.43,1851
2025-08-20 18:45:00,3340.5,3341.55,3338.76,3340.74,1466
2025-08-20 19:00:00,3340.73,3343.83,3340.73,3343.23,1303
2025-08-20 19:15:00,3343.23,3345.75,3342.82,3343.77,1553
2025-08-20 19:30:00,3343.77,3345.59,3343.72,3345.57,1238
2025-08-20 19:45:00,3345.56,3345.99,3344.05,3345.18,1231
2025-08-20 20:00:00,3345.19,3346.22,3344.02,3345.92,1451
2025-08-20 20:15:00,3345.94,3346.28,3345.19,3345.5,1641
2025-08-20 20:30:00,3345.51,3346.27,3345.21,3346.06,1390
2025-08-20 20:45:00,3346.05,3348.07,3345.41,3346.19,1292
2025-08-20 21:00:00,3346.19,3346.92,3344.03,3344.76,1780
2025-08-20 21:15:00,3344.74,3345.24,3343.86,3344.2,1654
2025-08-20 21:30:00,3344.2,3346.28,3344.16,3345.29,1500
2025-08-20 21:45:00,3345.28,3346.18,3345.08,3345.58,1306
2025-08-20 22:00:00,3345.57,3347.98,3345.0,3347.73,1306
2025-08-20 22:15:00,3347.67,3349.13,3347.66,3348.46,1440
2025-08-20 22:30:00,3348.45,3349.04,3347.41,3348.0,1159
2025-08-20 22:45:00,3348.02,3349.06,3347.91,3348.6,2023
2025-08-20 23:00:00,3348.43,3348.8,3347.41,3347.63,770
2025-08-20 23:15:00,3347.68,3349.16,3347.46,3349.1,590
2025-08-20 23:30:00,3349.1,3349.25,3348.08,3348.66,656
2025-08-20 23:45:00,3348.58,3348.58,3347.36,3347.83,578
2025-08-21 01:00:00,3350.23,3351.8,3349.06,3350.61,882
2025-08-21 01:15:00,3350.61,3351.09,3348.58,3349.91,949
2025-08-21 01:30:00,3349.87,3351.14,3349.07,3350.01,748
2025-08-21 01:45:00,3350.01,3350.58,3349.42,3349.61,658
2025-08-21 02:00:00,3349.48,3349.51,3347.25,3347.93,753
2025-08-21 02:15:00,3347.94,3348.41,3347.13,3347.91,695
2025-08-21 02:30:00,3347.91,3348.31,3346.58,3346.74,595
2025-08-21 02:45:00,3346.74,3348.07,3346.33,3346.85,929
2025-08-21 03:00:00,3346.7,3346.7,3343.94,3344.54,1292
2025-08-21 03:15:00,3344.57,3345.32,3342.21,3343.62,1240
2025-08-21 03:30:00,3343.66,3343.89,3342.54,3343.87,896
2025-08-21 03:45:00,3343.86,3343.86,3341.23,3342.27,1383
2025-08-21 04:00:00,3342.33,3343.88,3340.83,3343.73,1703
2025-08-21 04:15:00,3343.85,3344.55,3341.67,3342.87,1618
2025-08-21 04:30:00,3342.87,3346.3,3341.58,3344.59,1962
2025-08-21 04:45:00,3344.52,3344.99,3342.69,3342.76,1378
2025-08-21 05:00:00,3342.76,3343.96,3341.55,3342.95,1450
2025-08-21 05:15:00,3342.96,3343.13,3340.21,3340.95,1175
2025-08-21 05:30:00,3341.11,3342.34,3340.92,3341.82,1463
2025-08-21 05:45:00,3341.81,3344.91,3341.72,3344.68,1387
2025-08-21 06:00:00,3344.67,3344.8,3342.85,3343.99,1107
2025-08-21 06:15:00,3343.97,3344.81,3342.78,3342.78,1106
2025-08-21 06:30:00,3342.78,3343.24,3341.76,3342.38,816
2025-08-21 06:45:00,3342.34,3342.74,3339.54,3339.7,1167
2025-08-21 07:00:00,3339.65,3340.45,3339.22,3339.57,837
2025-08-21 07:15:00,3339.67,3340.14,3338.63,3340.06,896
2025-08-21 07:30:00,3340.06,3341.05,3338.51,3338.81,827
2025-08-21 07:45:00,3338.81,3339.06,3337.85,3338.32,773
2025-08-21 08:00:00,3338.32,3338.64,3337.09,3337.21,885
2025-08-21 08:15:00,3337.15,3339.87,3337.13,3338.99,1167
2025-08-21 08:30:00,3339.0,3340.62,3338.54,3339.14,1502
2025-08-21 08:45:00,3339.15,3340.16,3338.57,3338.77,1065
2025-08-21 09:00:00,3338.77,3339.86,3337.85,3338.34,1653
2025-08-21 09:15:00,3338.33,3338.44,3334.16,3334.41,2290
2025-08-21 09:30:00,3334.39,3337.93,3334.37,3337.37,1677
2025-08-21 09:45:00,3337.37,3337.37,3335.18,3336.52,1426
2025-08-21 10:00:00,3336.46,3338.84,3335.47,3338.84,1440
2025-08-21 10:15:00,3338.88,3339.1,3337.03,3337.99,1601
2025-08-21 10:30:00,3338.08,3340.72,3337.25,3339.9,1464
2025-08-21 10:45:00,3339.85,3341.37,3338.63,3339.68,1359
2025-08-21 11:00:00,3339.79,3340.58,3338.82,3340.19,1173
2025-08-21 11:15:00,3340.19,3340.71,3339.23,3339.97,893
2025-08-21 11:30:00,3340.04,3340.9,3338.69,3338.82,1062
2025-08-21 11:45:00,3338.82,3341.35,3337.75,3339.6,1614
2025-08-21 12:00:00,3339.6,3340.63,3338.11,3340.41,1189
2025-08-21 12:15:00,3340.41,3340.6,3338.34,3339.39,1109
2025-08-21 12:30:00,3339.38,3340.2,3338.52,3339.36,992
2025-08-21 12:45:00,3339.36,3342.15,3339.36,3340.79,1278
2025-08-21 13:00:00,3340.72,3341.59,3339.09,3340.35,1068
2025-08-21 13:15:00,3340.38,3340.62,3338.55,3339.4,874
2025-08-21 13:30:00,3339.39,3339.39,3328.8,3330.35,2388
2025-08-21 13:45:00,3330.29,3331.7,3327.49,3328.77,2718
2025-08-21 14:00:00,3328.96,3329.55,3325.1,3329.43,2535
2025-08-21 14:15:00,3329.45,3332.8,3328.85,3331.08,1806
2025-08-21 14:30:00,3331.07,3334.32,3330.21,3333.75,1790
2025-08-21 14:45:00,3333.73,3334.46,3332.16,3333.7,1737
2025-08-21 15:00:00,3333.74,3342.82,3333.74,3341.67,2611
2025-08-21 15:15:00,3341.66,3342.17,3336.46,3337.15,2618
2025-08-21 15:30:00,3337.13,3345.03,3336.63,3339.12,3869
2025-08-21 15:45:00,3339.12,3343.18,3337.8,3342.03,2669
2025-08-21 16:00:00,3341.98,3343.49,3339.11,3342.18,3193
2025-08-21 16:15:00,3342.14,3345.56,3341.3,3345.39,2447
2025-08-21 16:30:00,3345.24,3347.59,3344.74,3344.74,3498
2025-08-21 16:45:00,3340.81,3341.59,3335.95,3339.29,4545
2025-08-21 17:00:00,3339.3,3345.42,3337.85,3344.71,4459
2025-08-21 17:15:00,3344.73,3345.54,3342.32,3344.82,3003
2025-08-21 17:30:00,3344.77,3348.11,3342.47,3342.73,3203
2025-08-21 17:45:00,3342.85,3344.69,3341.47,3344.15,2546
2025-08-21 18:00:00,3344.15,3345.19,3338.49,3338.7,2612
2025-08-21 18:15:00,3338.7,3344.75,3337.5,3343.13,2609
2025-08-21 18:30:00,3343.32,3345.91,3341.3,3345.66,2897
2025-08-21 18:45:00,3345.67,3346.15,3343.06,3343.64,2054
2025-08-21 19:00:00,3343.65,3343.95,3341.59,3341.89,1674
2025-08-21 19:15:00,3341.79,3342.18,3339.92,3340.94,1600
2025-08-21 19:30:00,3340.95,3341.39,3338.81,3340.96,1516
2025-08-21 19:45:00,3340.94,3341.3,3338.19,3339.84,1552
2025-08-21 20:00:00,3339.87,3341.98,3339.46,3341.24,1399
2025-08-21 20:15:00,3341.2,3341.44,3337.84,3338.49,1440
2025-08-21 20:30:00,3338.52,3340.21,3337.97,3338.01,1058
2025-08-21 20:45:00,3338.0,3338.63,3336.96,3337.09,1136
2025-08-21 21:00:00,3337.04,3338.39,3336.59,3337.43,1220
2025-08-21 21:15:00,3337.42,3339.44,3337.32,3338.61,1150
2025-08-21 21:30:00,3338.59,3339.09,3338.21,3338.68,934
2025-08-21 21:45:00,3338.51,3339.53,3338.43,3339.29,802
2025-08-21 22:00:00,3339.3,3340.37,3338.92,3340.17,1046
2025-08-21 22:15:00,3340.17,3341.71,3340.13,3341.55,1062
2025-08-21 22:30:00,3341.56,3341.93,3340.67,3340.8,823
2025-08-21 22:45:00,3340.8,3341.26,3337.89,3338.84,1292
2025-08-21 23:00:00,3338.94,3339.22,3338.09,3338.4,525
2025-08-21 23:15:00,3338.41,3338.71,3337.97,3338.59,477
2025-08-21 23:30:00,3338.59,3339.03,3337.99,3338.37,481
2025-08-21 23:45:00,3338.37,3338.53,3337.82,3338.31,267
2025-08-22 01:00:00,3339.02,3339.93,3337.97,3339.1,556
2025-08-22 01:15:00,3339.0,3340.57,3338.79,3340.33,500
2025-08-22 01:30:00,3340.34,3340.61,3339.78,3340.08,601
2025-08-22 01:45:00,3340.08,3340.43,3338.72,3338.79,540
2025-08-22 02:00:00,3338.89,3339.5,3338.05,3338.17,499
2025-08-22 02:15:00,3338.1,3338.26,3337.4,3337.95,376
2025-08-22 02:30:00,3337.95,3339.55,3337.54,3338.83,464
2025-08-22 02:45:00,3338.87,3339.56,3338.06,3338.43,472
2025-08-22 03:00:00,3338.42,3338.42,3336.33,3336.41,1173
2025-08-22 03:15:00,3336.41,3338.54,3335.12,3337.72,1466
2025-08-22 03:30:00,3337.72,3339.22,3337.06,3337.51,945
2025-08-22 03:45:00,3337.38,3339.8,3336.85,3339.31,909
2025-08-22 04:00:00,3339.31,3340.24,3338.53,3338.99,1380
2025-08-22 04:15:00,3338.99,3339.09,3336.64,3337.23,1302
2025-08-22 04:30:00,3337.22,3338.59,3336.05,3338.02,1365
2025-08-22 04:45:00,3338.03,3338.27,3333.56,3333.98,1753
2025-08-22 05:00:00,3333.98,3336.13,3333.16,3334.46,1869
2025-08-22 05:15:00,3334.47,3335.88,3334.24,3335.13,1388
2025-08-22 05:30:00,3335.1,3335.59,3333.27,3333.83,1442
2025-08-22 05:45:00,3333.87,3334.5,3332.67,3334.1,1123
2025-08-22 06:00:00,3334.1,3334.1,3331.7,3332.43,1266
2025-08-22 06:15:00,3332.43,3334.3,3332.43,3333.67,1195
2025-08-22 06:30:00,3333.57,3335.35,3333.36,3334.06,1139
2025-08-22 06:45:00,3334.06,3334.13,3331.75,3331.93,1000
2025-08-22 07:00:00,3331.99,3332.7,3331.51,3331.68,985
2025-08-22 07:15:00,3331.71,3331.76,3329.21,3329.41,1140
2025-08-22 07:30:00,3329.4,3329.85,3328.57,3329.11,1064
2025-08-22 07:45:00,3329.12,3329.38,3327.93,3328.22,862
2025-08-22 08:00:00,3328.2,3328.86,3327.63,3328.57,955
2025-08-22 08:15:00,3328.59,3329.78,3327.12,3329.6,1191
2025-08-22 08:30:00,3329.55,3330.28,3327.98,3330.24,1500
2025-08-22 08:45:00,3330.25,3331.45,3329.28,3330.0,1213
2025-08-22 09:00:00,3330.0,3330.19,3327.63,3329.4,1708
2025-08-22 09:15:00,3329.42,3330.37,3326.94,3327.47,1613
2025-08-22 09:30:00,3327.47,3327.7,3326.12,3326.12,1624
2025-08-22 09:45:00,3326.13,3329.51,3325.76,3329.42,1617
2025-08-22 10:00:00,3329.24,3333.96,3328.83,3333.19,1942
2025-08-22 10:15:00,3333.12,3335.03,3332.35,3332.54,1950
2025-08-22 10:30:00,3332.48,3332.6,3327.93,3328.29,1504
2025-08-22 10:45:00,3328.28,3328.28,3325.68,3327.43,2074
2025-08-22 11:00:00,3327.41,3329.17,3325.9,3328.57,1740
2025-08-22 11:15:00,3328.55,3330.74,3325.24,3329.24,2001
2025-08-22 11:30:00,3329.25,3330.49,3327.94,3328.33,1328
2025-08-22 11:45:00,3328.3,3330.44,3327.07,3328.73,1373
2025-08-22 12:00:00,3328.73,3331.3,3328.73,3330.89,1222
2025-08-22 12:15:00,3330.88,3331.18,3328.14,3328.35,1010
2025-08-22 12:30:00,3328.32,3331.65,3328.1,3330.62,1347
2025-08-22 12:45:00,3330.55,3331.21,3329.46,3330.14,1041
2025-08-22 13:00:00,3330.14,3331.61,3330.09,3330.72,990
2025-08-22 13:15:00,3330.79,3330.79,3328.95,3330.3,1070
2025-08-22 13:30:00,3330.29,3331.2,3329.11,3330.37,1030
2025-08-22 13:45:00,3330.36,3331.78,3329.9,3331.02,997
2025-08-22 14:00:00,3331.05,3331.09,3329.18,3329.46,1277
2025-08-22 14:15:00,3329.44,3329.45,3327.81,3329.35,1252
2025-08-22 14:30:00,3329.35,3330.93,3328.5,3329.21,1288
2025-08-22 14:45:00,3329.21,3330.14,3327.67,3329.29,1255
2025-08-22 15:00:00,3329.28,3329.48,3324.95,3325.69,1948
2025-08-22 15:15:00,3325.61,3329.87,3325.39,3325.95,2926
2025-08-22 15:30:00,3325.96,3327.1,3321.41,3324.32,3182
2025-08-22 15:45:00,3324.32,3326.34,3323.36,3323.45,2290
2025-08-22 16:00:00,3323.43,3327.05,3323.24,3324.75,2687
2025-08-22 16:15:00,3324.75,3329.26,3324.63,3328.83,2237
2025-08-22 16:30:00,3328.83,3336.01,3328.78,3333.53,3736
2025-08-22 16:45:00,3333.58,3335.74,3331.73,3333.89,2876
2025-08-22 17:00:00,3334.84,3360.49,3334.84,3358.64,7862
2025-08-22 17:15:00,3358.69,3367.82,3357.04,3365.76,6928
2025-08-22 17:30:00,3365.81,3374.11,3365.81,3373.42,5879
2025-08-22 17:45:00,3373.28,3376.79,3372.33,3373.96,4612
2025-08-22 18:00:00,3373.95,3377.71,3373.14,3376.56,4184
2025-08-22 18:15:00,3376.56,3377.95,3374.08,3376.75,3116
2025-08-22 18:30:00,3376.76,3378.8,3371.79,3371.81,3084
2025-08-22 18:45:00,3371.8,3373.16,3367.25,3367.83,3799
2025-08-22 19:00:00,3367.87,3374.12,3367.76,3371.42,2761
2025-08-22 19:15:00,3371.42,3373.48,3368.62,3368.96,2458
2025-08-22 19:30:00,3368.95,3372.21,3368.82,3370.83,2110
2025-08-22 19:45:00,3370.8,3371.54,3369.0,3370.53,1751
2025-08-22 20:00:00,3370.53,3373.11,3370.43,3371.93,1587
2025-08-22 20:15:00,3371.96,3373.89,3371.58,3373.8,2127
2025-08-22 20:30:00,3373.8,3374.7,3373.21,3374.25,1523
2025-08-22 20:45:00,3374.26,3375.42,3373.93,3374.15,1417
2025-08-22 21:00:00,3374.13,3374.9,3373.02,3373.64,1436
2025-08-22 21:15:00,3373.61,3373.82,3370.89,3372.69,1567
2025-08-22 21:30:00,3372.7,3373.92,3371.94,3372.1,1249
2025-08-22 21:45:00,3372.1,3373.81,3371.64,3372.74,1307
2025-08-22 22:00:00,3372.73,3372.82,3370.67,3370.8,1368
2025-08-22 22:15:00,3370.79,3370.92,3368.67,3370.0,1382
2025-08-22 22:30:00,3370.0,3370.28,3368.89,3369.97,1545
2025-08-22 22:45:00,3369.93,3373.54,3369.91,3373.26,2290
2025-08-22 23:00:00,3373.54,3373.69,3370.98,3371.08,954
2025-08-22 23:15:00,3371.1,3371.38,3370.07,3371.16,851
2025-08-22 23:30:00,3371.16,3371.83,3370.7,3371.55,482
2025-08-22 23:45:00,3371.59,3371.97,3371.43,3371.78,193
2025-08-25 01:00:00,3370.41,3371.19,3366.55,3367.24,1060
2025-08-25 01:15:00,3367.25,3368.79,3367.19,3367.87,741
2025-08-25 01:30:00,3367.61,3367.83,3366.03,3366.09,739
2025-08-25 01:45:00,3366.08,3367.77,3365.78,3367.31,647
2025-08-25 02:00:00,3367.31,3368.34,3366.33,3367.64,701
2025-08-25 02:15:00,3367.62,3368.05,3366.78,3367.37,492
2025-08-25 02:30:00,3367.38,3367.83,3366.76,3367.23,653
2025-08-25 02:45:00,3367.32,3371.06,3366.97,3369.08,1046
2025-08-25 03:00:00,3369.05,3369.67,3364.28,3365.32,1624
2025-08-25 03:15:00,3365.29,3366.38,3364.46,3364.99,1043
2025-08-25 03:30:00,3364.98,3365.63,3364.47,3364.96,758
2025-08-25 03:45:00,3364.97,3365.68,3363.37,3364.97,1222
2025-08-25 04:00:00,3364.95,3367.88,3363.94,3364.45,2035
2025-08-25 04:15:00,3364.42,3365.95,3363.94,3364.67,1551
2025-08-25 04:30:00,3364.64,3365.0,3361.87,3362.17,1690
2025-08-25 04:45:00,3362.13,3363.05,3360.55,3362.75,1469
2025-08-25 05:00:00,3362.76,3362.82,3359.64,3360.45,1682
2025-08-25 05:15:00,3360.4,3362.77,3359.87,3362.46,1221
2025-08-25 05:30:00,3362.52,3364.94,3362.52,3363.96,1146
2025-08-25 05:45:00,3363.95,3365.17,3363.34,3364.47,1073
2025-08-25 06:00:00,3364.29,3366.76,3364.21,3366.55,1049
2025-08-25 06:15:00,3366.54,3367.44,3365.34,3366.3,1130
2025-08-25 06:30:00,3366.38,3367.51,3365.99,3367.51,887
2025-08-25 06:45:00,3367.47,3368.05,3366.96,3367.18,671
2025-08-25 07:00:00,3367.18,3367.56,3363.79,3365.79,1090
2025-08-25 07:15:00,3365.81,3366.15,3364.74,3365.62,676
2025-08-25 07:30:00,3365.62,3367.06,3365.47,3365.73,621
2025-08-25 07:45:00,3365.73,3366.83,3365.16,3366.01,646
2025-08-25 08:00:00,3365.95,3366.11,3364.25,3365.31,786
2025-08-25 08:15:00,3365.31,3365.44,3363.81,3363.88,649
2025-08-25 08:30:00,3363.9,3365.08,3363.77,3364.85,999
2025-08-25 08:45:00,3364.85,3365.11,3363.0,3364.32,948
2025-08-25 09:00:00,3364.55,3367.86,3364.26,3367.74,1397
2025-08-25 09:15:00,3367.69,3369.36,3367.41,3368.62,1250
2025-08-25 09:30:00,3368.6,3368.89,3365.93,3367.94,1210
2025-08-25 09:45:00,3367.94,3369.5,3367.76,3368.89,1191
2025-08-25 10:00:00,3368.89,3369.8,3367.54,3367.8,1182
2025-08-25 10:15:00,3367.81,3368.82,3366.36,3368.82,946
2025-08-25 10:30:00,3368.9,3369.43,3366.45,3368.19,1051
2025-08-25 10:45:00,3368.19,3368.64,3365.91,3366.09,854
2025-08-25 11:00:00,3366.13,3366.69,3364.62,3365.58,1310
2025-08-25 11:15:00,3365.59,3365.73,3363.61,3363.76,1090
2025-08-25 11:30:00,3363.76,3364.84,3363.41,3364.01,900
2025-08-25 11:45:00,3363.99,3365.35,3363.53,3364.05,991
2025-08-25 12:00:00,3363.94,3364.32,3362.36,3362.59,700
2025-08-25 12:15:00,3362.57,3363.03,3361.94,3362.56,850
2025-08-25 12:30:00,3362.56,3366.33,3361.97,3366.31,1158
2025-08-25 12:45:00,3366.31,3368.02,3365.89,3367.44,1265
2025-08-25 13:00:00,3367.55,3368.55,3367.09,3367.78,1016
2025-08-25 13:15:00,3367.69,3368.11,3364.95,3365.18,1000
2025-08-25 13:30:00,3365.18,3367.85,3365.08,3367.08,943
2025-08-25 13:45:00,3367.08,3367.22,3365.02,3366.03,936
2025-08-25 14:00:00,3366.02,3368.26,3365.69,3366.82,989
2025-08-25 14:15:00,3366.82,3368.49,3366.31,3367.81,894
2025-08-25 14:30:00,3367.83,3370.17,3367.83,3369.86,1043
2025-08-25 14:45:00,3369.85,3371.48,3369.78,3370.38,1208
2025-08-25 15:00:00,3370.41,3371.22,3368.31,3368.56,1180
2025-08-25 15:15:00,3368.56,3370.38,3368.27,3368.99,1267
2025-08-25 15:30:00,3369.17,3369.17,3365.4,3365.65,1800
2025-08-25 15:45:00,3365.65,3366.45,3364.19,3364.45,1572
2025-08-25 16:00:00,3364.45,3364.87,3362.13,3363.67,1927
2025-08-25 16:15:00,3363.67,3365.11,3362.35,3364.0,1843
2025-08-25 16:30:00,3364.0,3368.34,3363.69,3368.14,2918
2025-08-25 16:45:00,3368.2,3371.36,3366.5,3370.79,2872
2025-08-25 17:00:00,3370.77,3374.07,3369.96,3373.75,3184
2025-08-25 17:15:00,3373.7,3374.13,3369.11,3370.91,2525
2025-08-25 17:30:00,3370.91,3374.34,3370.91,3374.17,2322
2025-08-25 17:45:00,3374.19,3375.28,3373.64,3374.33,2147
2025-08-25 18:00:00,3374.33,3376.09,3373.9,3375.35,1973
2025-08-25 18:15:00,3375.35,3376.13,3373.67,3374.1,1782
2025-08-25 18:30:00,3374.1,3374.18,3371.76,3373.07,1781
2025-08-25 18:45:00,3373.07,3374.77,3372.72,3374.01,1554
2025-08-25 19:00:00,3374.0,3374.0,3372.38,3373.14,1180
2025-08-25 19:15:00,3373.13,3373.63,3372.35,3372.89,1338
2025-08-25 19:30:00,3372.89,3373.94,3371.66,3373.32,1124
2025-08-25 19:45:00,3373.32,3374.39,3372.6,3373.82,1310
2025-08-25 20:00:00,3373.84,3374.69,3373.0,3374.25,1152
2025-08-25 20:15:00,3374.24,3374.78,3372.86,3372.99,1407
2025-08-25 20:30:00,3372.97,3372.98,3371.15,3372.62,1286
2025-08-25 20:45:00,3372.6,3372.93,3370.82,3370.91,1154
2025-08-25 21:00:00,3370.92,3372.32,3370.41,3372.22,1128
2025-08-25 21:15:00,3372.23,3373.27,3371.71,3372.46,956
2025-08-25 21:30:00,3372.47,3372.66,3371.66,3372.08,996
2025-08-25 21:45:00,3372.08,3372.08,3369.82,3370.48,1136
2025-08-25 22:00:00,3370.49,3370.85,3368.13,3368.75,1407
2025-08-25 22:15:00,3368.69,3369.25,3367.88,3368.33,1004
2025-08-25 22:30:00,3368.33,3369.09,3367.2,3367.28,1077
2025-08-25 22:45:00,3367.32,3367.69,3365.25,3365.42,1931
2025-08-25 23:00:00,3365.42,3366.01,3364.86,3365.2,828
2025-08-25 23:15:00,3365.21,3365.83,3364.57,3365.02,813
2025-08-25 23:30:00,3365.04,3365.54,3364.32,3364.74,647
2025-08-25 23:45:00,3364.74,3365.67,3364.19,3365.64,598
2025-08-26 01:00:00,3365.61,3367.08,3364.49,3365.17,785
2025-08-26 01:15:00,3365.17,3365.45,3364.21,3364.61,729
2025-08-26 01:30:00,3364.62,3364.69,3363.69,3364.36,406
2025-08-26 01:45:00,3364.37,3365.24,3364.17,3364.25,409
2025-08-26 02:00:00,3364.25,3364.25,3358.15,3358.3,1121
2025-08-26 02:15:00,3358.29,3358.29,3353.64,3355.62,1849
2025-08-26 02:30:00,3355.6,3355.6,3351.79,3353.96,1627
2025-08-26 02:45:00,3353.84,3355.29,3351.52,3355.04,1239
2025-08-26 03:00:00,3355.12,3370.79,3351.06,3369.0,4436
2025-08-26 03:15:00,3368.76,3380.25,3368.55,3377.23,4566
2025-08-26 03:30:00,3377.25,3382.87,3377.25,3382.13,3693
2025-08-26 03:45:00,3382.02,3386.27,3381.88,3382.99,4059
2025-08-26 04:00:00,3383.01,3384.93,3375.09,3375.83,4121
2025-08-26 04:15:00,3375.83,3376.26,3372.37,3373.74,3046
2025-08-26 04:30:00,3373.74,3376.42,3371.67,3376.22,2750
2025-08-26 04:45:00,3376.22,3377.7,3372.94,3376.72,1937
2025-08-26 05:00:00,3376.62,3379.1,3376.49,3377.01,1884
2025-08-26 05:15:00,3377.09,3378.65,3376.13,3377.37,1391
2025-08-26 05:30:00,3377.39,3378.07,3374.51,3375.62,1851
2025-08-26 05:45:00,3375.44,3375.49,3372.71,3375.47,1784
2025-08-26 06:00:00,3375.47,3375.48,3369.87,3370.69,2050
2025-08-26 06:15:00,3370.72,3372.84,3369.74,3372.4,1636
2025-08-26 06:30:00,3372.4,3373.93,3371.87,3372.67,1142
2025-08-26 06:45:00,3372.66,3373.7,3371.82,3372.21,968
2025-08-26 07:00:00,3372.21,3373.67,3372.07,3373.39,852
2025-08-26 07:15:00,3373.39,3376.08,3373.29,3375.48,1267
2025-08-26 07:30:00,3375.48,3378.11,3375.48,3377.75,1199
2025-08-26 07:45:00,3377.69,3378.92,3376.72,3377.46,1323
2025-08-26 08:00:00,3377.45,3379.03,3374.88,3375.0,1331
2025-08-26 08:15:00,3375.0,3375.06,3372.7,3373.13,1150
2025-08-26 08:30:00,3372.99,3377.44,3372.48,3377.25,1728
2025-08-26 08:45:00,3377.3,3378.02,3375.13,3376.56,1710
2025-08-26 09:00:00,3376.53,3376.67,3374.78,3376.35,1484
2025-08-26 09:15:00,3376.34,3376.44,3372.44,3373.48,2026
2025-08-26 09:30:00,3373.43,3376.83,3373.16,3375.02,1758
2025-08-26 09:45:00,3375.06,3377.68,3375.0,3376.34,1684
2025-08-26 10:00:00,3376.31,3377.09,3370.2,3372.12,2290
2025-08-26 10:15:00,3372.36,3373.06,3367.24,3370.89,2504
2025-08-26 10:30:00,3370.73,3377.87,3370.64,3377.54,2008
2025-08-26 10:45:00,3377.46,3379.09,3375.76,3376.73,2239
2025-08-26 11:00:00,3376.7,3379.48,3376.62,3376.83,2069
2025-08-26 11:15:00,3376.96,3379.0,3375.54,3378.91,1749
2025-08-26 11:30:00,3378.86,3379.84,3377.1,3377.56,1346
2025-08-26 11:45:00,3377.49,3378.83,3376.51,3376.64,1407
2025-08-26 12:00:00,3376.66,3377.45,3374.5,3376.94,1535
2025-08-26 12:15:00,3376.93,3378.57,3374.31,3375.22,1479
2025-08-26 12:30:00,3375.22,3375.22,3371.5,3372.29,2155
2025-08-26 12:45:00,3372.3,3373.51,3369.52,3371.88,2330
2025-08-26 13:00:00,3371.91,3375.13,3370.88,3371.55,1500
2025-08-26 13:15:00,3371.62,3372.86,3370.31,3370.59,1093
2025-08-26 13:30:00,3370.38,3370.69,3367.19,3369.27,1981
2025-08-26 13:45:00,3369.34,3372.51,3368.81,3371.97,1296
2025-08-26 14:00:00,3371.97,3377.18,3370.57,3376.33,2284
2025-08-26 14:15:00,3376.31,3378.46,3375.65,3378.39,1904
2025-08-26 14:30:00,3378.37,3379.54,3376.32,3378.89,2123
2025-08-26 14:45:00,3378.93,3380.32,3376.86,3377.59,2047
2025-08-26 15:00:00,3377.64,3379.31,3376.07,3377.91,2270
2025-08-26 15:15:00,3377.92,3379.78,3376.66,3377.13,2271
2025-08-26 15:30:00,3377.2,3378.95,3375.69,3378.18,2178
2025-08-26 15:45:00,3378.23,3378.55,3370.93,3372.11,2522
2025-08-26 16:00:00,3372.14,3374.64,3370.47,3372.47,3669
2025-08-26 16:15:00,3372.47,3373.67,3370.56,3373.53,2543
2025-08-26 16:30:00,3373.48,3378.16,3373.48,3377.36,3839
2025-08-26 16:45:00,3377.33,3377.55,3372.34,3375.85,3210
2025-08-26 17:00:00,3375.77,3375.87,3370.3,3371.42,3715
2025-08-26 17:15:00,3371.42,3376.27,3370.25,3374.27,3026
2025-08-26 17:30:00,3374.26,3377.07,3373.73,3376.57,2493
2025-08-26 17:45:00,3376.55,3379.55,3376.08,3379.34,2649
2025-08-26 18:00:00,3379.34,3382.18,3378.62,3381.4,2570
2025-08-26 18:15:00,3381.37,3383.69,3379.6,3382.04,2375
2025-08-26 18:30:00,3382.04,3384.98,3381.66,3384.87,2197
2025-08-26 18:45:00,3384.88,3389.47,3383.78,3386.46,2685
2025-08-26 19:00:00,3386.51,3387.57,3384.54,3384.98,2424
2025-08-26 19:15:00,3384.96,3385.81,3383.0,3384.52,2003
2025-08-26 19:30:00,3384.5,3385.67,3383.24,3383.24,1383
2025-08-26 19:45:00,3383.24,3383.54,3382.42,3382.98,1356
2025-08-26 20:00:00,3382.99,3384.01,3382.69,3383.35,1283
2025-08-26 20:15:00,3383.33,3385.79,3383.2,3383.84,1814
2025-08-26 20:30:00,3383.81,3384.25,3381.51,3381.87,1296
2025-08-26 20:45:00,3381.87,3382.97,3381.48,3381.58,1215
2025-08-26 21:00:00,3381.58,3382.55,3380.21,3382.45,1626
2025-08-26 21:15:00,3382.46,3383.23,3381.38,3382.69,1357
2025-08-26 21:30:00,3382.73,3384.5,3382.71,3384.29,1172
2025-08-26 21:45:00,3384.35,3385.55,3384.33,3385.5,1307
2025-08-26 22:00:00,3385.5,3388.76,3385.14,3388.19,1639
2025-08-26 22:15:00,3388.14,3389.16,3387.98,3388.4,1284
2025-08-26 22:30:00,3388.4,3389.25,3387.79,3388.77,1538
2025-08-26 22:45:00,3388.82,3390.8,3388.79,3389.53,2425
2025-08-26 23:00:00,3389.5,3390.93,3389.11,3390.02,847
2025-08-26 23:15:00,3390.01,3390.91,3389.8,3390.34,539
2025-08-26 23:30:00,3390.39,3391.18,3390.1,3391.11,533
2025-08-26 23:45:00,3391.11,3393.26,3390.9,3392.88,613
2025-08-27 01:00:00,3394.07,3394.3,3389.34,3389.35,1285
2025-08-27 01:15:00,3389.35,3390.45,3388.64,3389.46,771
2025-08-27 01:30:00,3389.49,3391.93,3389.45,3390.78,783
2025-08-27 01:45:00,3390.78,3391.3,3390.21,3390.97,523
2025-08-27 02:00:00,3391.05,3392.01,3390.53,3391.51,611
2025-08-27 02:15:00,3391.51,3392.79,3391.29,3391.55,623
2025-08-27 02:30:00,3391.55,3392.17,3390.1,3390.42,693
2025-08-27 02:45:00,3390.42,3391.69,3389.81,3390.72,840
2025-08-27 03:00:00,3390.67,3392.3,3389.63,3392.3,1252
2025-08-27 03:15:00,3392.3,3393.48,3390.68,3391.35,1270
2025-08-27 03:30:00,3391.35,3392.63,3388.95,3389.39,1447
2025-08-27 03:45:00,3389.39,3391.23,3389.08,3389.6,1436
2025-08-27 04:00:00,3389.58,3390.01,3386.1,3386.1,2362
2025-08-27 04:15:00,3386.1,3386.83,3384.21,3384.77,1895
2025-08-27 04:30:00,3384.59,3386.04,3383.14,3385.87,2172
2025-08-27 04:45:00,3385.86,3387.94,3385.13,3386.34,1822
2025-08-27 05:00:00,3386.34,3387.13,3384.93,3385.96,1380
2025-08-27 05:15:00,3385.96,3386.73,3384.41,3385.73,1184
2025-08-27 05:30:00,3385.74,3386.53,3382.09,3383.47,1745
2025-08-27 05:45:00,3383.47,3385.17,3383.27,3383.95,1147
2025-08-27 06:00:00,3383.95,3384.45,3383.55,3384.05,1089
2025-08-27 06:15:00,3384.05,3384.05,3381.72,3381.99,1120
2025-08-27 06:30:00,3381.89,3383.0,3381.01,3382.48,1211
2025-08-27 06:45:00,3382.47,3383.15,3380.46,3380.52,1163
2025-08-27 07:00:00,3380.56,3381.03,3378.76,3379.5,1368
2025-08-27 07:15:00,3379.49,3379.6,3376.98,3377.24,1396
2025-08-27 07:30:00,3377.24,3377.88,3374.73,3374.9,1509
2025-08-27 07:45:00,3374.9,3375.83,3373.78,3374.92,1646
2025-08-27 08:00:00,3374.92,3376.31,3373.99,3374.82,1771
2025-08-27 08:15:00,3374.79,3377.43,3374.25,3375.71,1303
2025-08-27 08:30:00,3375.71,3378.81,3375.56,3377.68,1624
2025-08-27 08:45:00,3377.72,3379.02,3375.73,3377.28,1381
2025-08-27 09:00:00,3377.29,3379.72,3377.27,3379.4,1623
2025-08-27 09:15:00,3379.4,3382.06,3379.37,3380.99,1976
2025-08-27 09:30:00,3380.98,3381.53,3378.34,3379.78,1511
2025-08-27 09:45:00,3379.79,3380.14,3376.28,3377.42,1537
2025-08-27 10:00:00,3377.4,3378.17,3374.18,3374.57,1699
2025-08-27 10:15:00,3374.61,3376.44,3373.82,3375.06,1485
2025-08-27 10:30:00,3375.09,3378.18,3374.34,3378.09,1660
2025-08-27 10:45:00,3378.08,3381.5,3377.64,3381.38,1769
2025-08-27 11:00:00,3381.38,3383.94,3381.01,3382.1,2135
2025-08-27 11:15:00,3382.1,3385.0,3382.08,3384.34,1999
2025-08-27 11:30:00,3384.36,3384.63,3381.6,3383.72,1647
2025-08-27 11:45:00,3383.71,3384.72,3382.98,3384.49,1120
2025-08-27 12:00:00,3384.48,3385.41,3383.75,3384.62,1293
2025-08-27 12:15:00,3384.61,3384.9,3382.39,3382.45,1202
2025-08-27 12:30:00,3382.4,3383.65,3381.54,3381.72,1320
2025-08-27 12:45:00,3381.73,3382.36,3377.54,3378.13,2153
2025-08-27 13:00:00,3378.14,3379.24,3376.58,3377.78,2003
2025-08-27 13:15:00,3377.76,3378.28,3376.3,3376.37,1753
2025-08-27 13:30:00,3376.37,3377.93,3374.83,3375.71,1954
2025-08-27 13:45:00,3375.7,3377.13,3374.86,3375.49,2323
2025-08-27 14:00:00,3375.64,3377.24,3374.59,3376.79,1767
2025-08-27 14:15:00,3376.78,3376.84,3374.03,3375.32,1517
2025-08-27 14:30:00,3375.34,3376.09,3373.74,3374.95,1551
2025-08-27 14:45:00,3374.94,3378.14,3374.92,3376.76,1566
2025-08-27 15:00:00,3376.76,3377.64,3374.28,3376.93,1663
2025-08-27 15:15:00,3376.97,3382.86,3376.63,3381.64,2327
2025-08-27 15:30:00,3381.62,3382.78,3379.76,3381.34,2713
2025-08-27 15:45:00,3381.43,3382.73,3380.06,3381.16,2311
2025-08-27 16:00:00,3381.18,3384.35,3380.45,3382.36,2629
2025-08-27 16:15:00,3382.39,3384.83,3381.79,3382.01,2224
2025-08-27 16:30:00,3382.21,3382.21,3377.45,3378.15,4514
2025-08-27 16:45:00,3378.12,3378.41,3375.5,3377.84,3649
2025-08-27 17:00:00,3377.73,3379.91,3375.94,3379.5,3059
2025-08-27 17:15:00,3379.67,3383.55,3378.97,3383.1,2576
2025-08-27 17:30:00,3383.07,3384.07,3380.94,3383.64,2878
2025-08-27 17:45:00,3383.64,3386.87,3383.09,3386.42,2575
2025-08-27 18:00:00,3386.46,3390.3,3385.15,3389.08,2858
2025-08-27 18:15:00,3389.11,3390.18,3386.05,3387.9,2772
2025-08-27 18:30:00,3387.93,3389.62,3386.98,3388.9,1994
2025-08-27 18:45:00,3388.84,3388.91,3386.31,3388.04,1603
2025-08-27 19:00:00,3388.06,3389.74,3387.52,3388.95,1713
2025-08-27 19:15:00,3388.96,3391.16,3388.11,3391.05,1774
2025-08-27 19:30:00,3391.03,3395.82,3390.17,3394.44,3069
2025-08-27 19:45:00,3394.43,3398.66,3393.88,3395.45,3141
2025-08-27 20:00:00,3395.41,3397.38,3394.85,3396.34,2421
2025-08-27 20:15:00,3396.32,3397.29,3395.78,3396.46,1897
2025-08-27 20:30:00,3396.46,3396.92,3394.93,3395.88,1674
2025-08-27 20:45:00,3395.79,3396.35,3394.94,3395.08,1359
2025-08-27 21:00:00,3395.08,3395.28,3392.24,3393.61,1531
2025-08-27 21:15:00,3393.62,3395.56,3393.62,3395.37,1181
2025-08-27 21:30:00,3395.37,3396.02,3394.19,3396.02,960
2025-08-27 21:45:00,3396.02,3396.22,3394.33,3394.55,962
2025-08-27 22:00:00,3394.51,3396.21,3393.61,3395.68,1343
2025-08-27 22:15:00,3395.65,3395.9,3394.63,3395.46,1068
2025-08-27 22:30:00,3395.46,3395.71,3393.96,3395.26,1130
2025-08-27 22:45:00,3395.26,3396.31,3394.46,3396.06,1900
2025-08-27 23:00:00,3396.0,3396.31,3394.53,3395.19,904
2025-08-27 23:15:00,3395.17,3396.08,3394.15,3395.87,992
2025-08-27 23:30:00,3395.88,3396.62,3395.8,3396.37,824
2025-08-27 23:45:00,3396.3,3397.53,3395.68,3397.49,830
2025-08-28 01:00:00,3398.48,3398.76,3395.62,3396.95,1133
2025-08-28 01:15:00,3396.97,3397.62,3394.6,3396.47,675
2025-08-28 01:30:00,3396.36,3397.7,3395.79,3396.85,653
2025-08-28 01:45:00,3396.86,3397.2,3395.57,3395.69,423
2025-08-28 02:00:00,3395.69,3399.01,3395.68,3397.74,915
2025-08-28 02:15:00,3397.74,3398.58,3397.36,3398.39,538
2025-08-28 02:30:00,3398.38,3399.15,3397.88,3398.87,812
2025-08-28 02:45:00,3398.88,3399.41,3395.08,3395.74,1222
2025-08-28 03:00:00,3395.72,3397.14,3394.48,3394.5,1318
2025-08-28 03:15:00,3394.47,3397.8,3394.47,3395.37,1235
2025-08-28 03:30:00,3395.44,3397.68,3394.76,3397.37,1279
2025-08-28 03:45:00,3397.49,3397.92,3391.06,3391.75,1947
2025-08-28 04:00:00,3391.82,3392.75,3389.36,3390.5,3142
2025-08-28 04:15:00,3390.49,3390.84,3387.22,3388.16,2367
2025-08-28 04:30:00,3388.14,3389.59,3385.77,3386.21,2655
2025-08-28 04:45:00,3386.22,3386.63,3385.41,3385.86,1985
2025-08-28 05:00:00,3385.68,3387.96,3384.59,3386.31,2449
2025-08-28 05:15:00,3386.42,3387.71,3385.51,3386.59,1460
2025-08-28 05:30:00,3386.61,3388.32,3384.48,3388.17,2016
2025-08-28 05:45:00,3387.95,3391.39,3387.95,3391.39,1563
2025-08-28 06:00:00,3391.39,3392.4,3390.61,3391.82,1725
2025-08-28 06:15:00,3391.83,3392.21,3390.32,3390.51,1376
2025-08-28 06:30:00,3390.53,3391.83,3390.06,3390.15,1095
2025-08-28 06:45:00,3390.06,3390.64,3388.92,3390.18,1200
2025-08-28 07:00:00,3390.18,3390.38,3388.75,3389.98,1006
2025-08-28 07:15:00,3389.97,3391.88,3389.93,3391.11,956
2025-08-28 07:30:00,3391.12,3392.25,3390.18,3391.12,1005
2025-08-28 07:45:00,3391.15,3391.16,3389.86,3390.31,913
2025-08-28 08:00:00,3390.3,3390.74,3389.74,3390.14,993
2025-08-28 08:15:00,3390.14,3390.93,3389.42,3390.61,1070
2025-08-28 08:30:00,3390.64,3390.98,3387.56,3388.08,1691
2025-08-28 08:45:00,3388.07,3388.99,3387.59,3388.99,1496
2025-08-28 09:00:00,3388.98,3392.53,3388.92,3390.85,2255
2025-08-28 09:15:00,3390.84,3392.12,3388.78,3390.26,1867
2025-08-28 09:30:00,3390.26,3395.69,3389.88,3395.42,1733
2025-08-28 09:45:00,3395.39,3395.71,3393.73,3395.47,1907
2025-08-28 10:00:00,3395.17,3396.93,3393.78,3396.68,2172
2025-08-28 10:15:00,3396.74,3397.55,3394.14,3395.16,1945
2025-08-28 10:30:00,3395.16,3395.69,3393.77,3394.91,1689
2025-08-28 10:45:00,3394.92,3396.08,3394.18,3395.79,1477
2025-08-28 11:00:00,3395.46,3397.57,3393.98,3394.68,2077
2025-08-28 11:15:00,3394.68,3396.69,3394.12,3395.53,1746
2025-08-28 11:30:00,3395.53,3400.02,3395.21,3398.5,2316
2025-08-28 11:45:00,3398.51,3400.95,3398.42,3400.68,1862
2025-08-28 12:00:00,3400.73,3401.55,3400.11,3400.79,1511
2025-08-28 12:15:00,3400.93,3401.58,3399.23,3399.35,1279
2025-08-28 12:30:00,3399.34,3400.25,3398.36,3399.36,1409
2025-08-28 12:45:00,3399.35,3400.36,3398.64,3399.2,1204
2025-08-28 13:00:00,3399.22,3399.22,3393.59,3395.04,2300
2025-08-28 13:15:00,3395.07,3396.88,3394.41,3396.71,2173
2025-08-28 13:30:00,3396.78,3398.48,3395.03,3397.17,1753
2025-08-28 13:45:00,3397.17,3397.99,3396.15,3397.05,1381
2025-08-28 14:00:00,3397.05,3398.28,3396.2,3397.54,1415
2025-08-28 14:15:00,3397.64,3404.14,3397.25,3404.13,1906
2025-08-28 14:30:00,3404.13,3407.58,3403.9,3404.6,3397
2025-08-28 14:45:00,3404.59,3406.29,3404.06,3404.21,2002
2025-08-28 15:00:00,3404.18,3408.76,3403.67,3406.57,2659
2025-08-28 15:15:00,3406.58,3408.61,3406.0,3406.31,2776
2025-08-28 15:30:00,3406.26,3406.3,3401.25,3402.56,4510
2025-08-28 15:45:00,3402.56,3403.02,3396.78,3397.01,3936
2025-08-28 16:00:00,3397.08,3400.37,3394.32,3398.32,4103
2025-08-28 16:15:00,3398.34,3405.5,3398.17,3404.8,3378
2025-08-28 16:30:00,3405.01,3407.61,3401.65,3405.91,4807
2025-08-28 16:45:00,3405.92,3410.32,3404.6,3407.05,4481
2025-08-28 17:00:00,3407.07,3411.61,3406.44,3411.5,3893
2025-08-28 17:15:00,3411.49,3411.97,3407.4,3410.69,3549
2025-08-28 17:30:00,3410.61,3413.5,3409.77,3411.73,3364
2025-08-28 17:45:00,3411.73,3412.89,3410.44,3412.26,2964
2025-08-28 18:00:00,3412.3,3413.23,3410.8,3411.59,2535
2025-08-28 18:15:00,3411.6,3411.66,3405.5,3406.19,3166
2025-08-28 18:30:00,3406.18,3407.53,3404.23,3406.43,2517
2025-08-28 18:45:00,3406.43,3410.95,3406.23,3410.93,2058
2025-08-28 19:00:00,3410.82,3414.32,3409.77,3413.72,2692
2025-08-28 19:15:00,3413.76,3415.65,3413.59,3415.63,2515
2025-08-28 19:30:00,3415.63,3417.29,3414.34,3414.69,2729
2025-08-28 19:45:00,3414.68,3417.67,3414.33,3415.4,2076
2025-08-28 20:00:00,3415.39,3416.86,3414.91,3415.55,2266
2025-08-28 20:15:00,3415.56,3416.37,3414.55,3415.11,2088
2025-08-28 20:30:00,3415.26,3416.3,3415.17,3416.17,1637
2025-08-28 20:45:00,3416.17,3418.78,3415.83,3417.84,1993
2025-08-28 21:00:00,3417.85,3418.39,3417.44,3418.02,1609
2025-08-28 21:15:00,3418.09,3418.77,3417.22,3418.15,1582
2025-08-28 21:30:00,3418.2,3418.87,3417.93,3418.79,1301
2025-08-28 21:45:00,3418.78,3420.32,3417.71,3420.02,1944
2025-08-28 22:00:00,3420.03,3420.3,3418.12,3418.43,1888
2025-08-28 22:15:00,3418.43,3419.96,3418.43,3419.27,2227
2025-08-28 22:30:00,3419.27,3419.51,3417.75,3418.33,2165
2025-08-28 22:45:00,3418.33,3423.01,3418.33,3421.94,3907
2025-08-28 23:00:00,3421.96,3422.22,3419.18,3419.32,1693
2025-08-28 23:15:00,3419.28,3419.56,3416.84,3417.05,1184
2025-08-28 23:30:00,3417.04,3417.47,3416.53,3416.54,751
2025-08-28 23:45:00,3416.56,3417.15,3416.17,3417.08,495
2025-08-29 01:00:00,3416.85,3417.46,3414.75,3416.05,1302
2025-08-29 01:15:00,3416.1,3417.4,3415.68,3416.68,635
2025-08-29 01:30:00,3416.68,3416.83,3414.86,3416.22,834
2025-08-29 01:45:00,3416.22,3416.81,3415.93,3416.81,448
2025-08-29 02:00:00,3416.7,3416.76,3415.95,3416.16,363
2025-08-29 02:15:00,3416.16,3416.71,3415.39,3415.51,483
2025-08-29 02:30:00,3415.5,3415.86,3414.95,3414.98,388
2025-08-29 02:45:00,3414.98,3415.74,3414.52,3414.53,672
2025-08-29 03:00:00,3414.53,3417.37,3414.53,3417.21,1556
2025-08-29 03:15:00,3417.18,3417.73,3413.02,3414.64,1564
2025-08-29 03:30:00,3414.64,3415.25,3413.17,3413.41,1202
2025-08-29 03:45:00,3413.42,3415.42,3412.87,3413.3,1633
2025-08-29 04:00:00,3413.29,3413.34,3410.9,3411.69,2319
2025-08-29 04:15:00,3411.69,3412.75,3409.76,3410.12,1865
2025-08-29 04:30:00,3410.16,3410.5,3407.66,3410.31,2507
2025-08-29 04:45:00,3410.29,3410.78,3409.06,3409.95,2387
2025-08-29 05:00:00,3409.88,3412.92,3409.88,3412.83,1969
2025-08-29 05:15:00,3412.78,3413.36,3411.66,3412.04,1126
2025-08-29 05:30:00,3412.04,3414.12,3411.9,3413.56,1469
2025-08-29 05:45:00,3413.56,3413.97,3411.15,3411.4,1720
2025-08-29 06:00:00,3411.29,3412.23,3409.94,3410.02,1457
2025-08-29 06:15:00,3410.03,3412.22,3410.02,3412.04,1369
2025-08-29 06:30:00,3412.04,3413.62,3410.89,3412.48,1080
2025-08-29 06:45:00,3412.48,3412.86,3410.79,3410.79,685
2025-08-29 07:00:00,3410.79,3411.33,3408.36,3409.3,1568
2025-08-29 07:15:00,3409.31,3409.69,3407.39,3408.47,1224
2025-08-29 07:30:00,3408.58,3409.07,3408.01,3408.56,976
2025-08-29 07:45:00,3408.56,3409.16,3407.93,3408.89,1095
2025-08-29 08:00:00,3408.75,3409.59,3407.78,3407.8,1080
2025-08-29 08:15:00,3407.75,3408.56,3407.0,3408.08,1084
2025-08-29 08:30:00,3408.06,3410.42,3407.75,3409.57,1445
2025-08-29 08:45:00,3409.52,3410.8,3409.36,3410.46,1317
2025-08-29 09:00:00,3410.41,3412.67,3410.38,3411.49,1787
2025-08-29 09:15:00,3411.49,3412.27,3411.3,3411.61,1072
2025-08-29 09:30:00,3411.61,3411.7,3407.88,3409.36,1579
2025-08-29 09:45:00,3409.37,3410.79,3408.67,3410.21,1311
2025-08-29 10:00:00,3410.15,3412.63,3409.53,3409.79,1353
2025-08-29 10:15:00,3409.78,3410.23,3406.67,3407.17,2087
2025-08-29 10:30:00,3407.19,3410.28,3406.44,3409.83,1941
2025-08-29 10:45:00,3409.83,3412.64,3409.79,3412.24,2041
2025-08-29 11:00:00,3412.27,3414.11,3411.27,3413.95,2196
2025-08-29 11:15:00,3413.95,3414.83,3412.02,3412.5,1523
2025-08-29 11:30:00,3412.52,3414.27,3411.99,3412.73,1697
2025-08-29 11:45:00,3412.73,3412.9,3409.63,3410.21,1946
2025-08-29 12:00:00,3410.23,3410.59,3408.76,3409.47,1901
2025-08-29 12:15:00,3409.47,3411.02,3408.49,3408.69,1952
2025-08-29 12:30:00,3408.68,3408.87,3407.06,3408.16,2066
2025-08-29 12:45:00,3408.07,3408.79,3406.77,3407.41,1799
2025-08-29 13:00:00,3407.39,3408.96,3406.41,3406.65,1863
2025-08-29 13:15:00,3406.65,3407.51,3405.82,3406.48,1467
2025-08-29 13:30:00,3406.49,3407.78,3405.41,3407.08,1233
2025-08-29 13:45:00,3407.08,3407.42,3404.71,3405.56,1252
2025-08-29 14:00:00,3405.57,3405.99,3404.47,3405.16,1369
2025-08-29 14:15:00,3405.21,3407.42,3405.0,3407.28,1353
2025-08-29 14:30:00,3407.29,3408.61,3407.04,3408.18,1745
2025-08-29 14:45:00,3408.18,3411.32,3407.7,3410.81,2118
2025-08-29 15:00:00,3410.82,3411.2,3408.44,3408.85,2140
2025-08-29 15:15:00,3408.86,3411.03,3406.72,3407.36,2656
2025-08-29 15:30:00,3407.36,3414.33,3407.36,3412.75,4432
2025-08-29 15:45:00,3412.74,3416.83,3412.64,3416.41,3379
2025-08-29 16:00:00,3416.48,3419.24,3413.55,3418.75,3733
2025-08-29 16:15:00,3418.77,3420.23,3416.43,3417.32,3103
2025-08-29 16:30:00,3417.3,3426.07,3417.3,3424.38,4361
2025-08-29 16:45:00,3424.35,3429.04,3423.07,3428.35,3838
2025-08-29 17:00:00,3428.21,3437.43,3428.21,3435.1,5265
2025-08-29 17:15:00,3435.05,3436.59,3432.2,3435.97,5052
2025-08-29 17:30:00,3436.03,3440.02,3435.92,3436.11,4835
2025-08-29 17:45:00,3436.12,3440.98,3433.3,3440.88,4613
2025-08-29 18:00:00,3440.83,3442.57,3438.8,3442.26,4303
2025-08-29 18:15:00,3442.36,3445.94,3442.22,3444.77,4503
2025-08-29 18:30:00,3444.97,3447.63,3444.17,3447.15,3141
2025-08-29 18:45:00,3447.15,3447.54,3444.85,3445.26,3997
2025-08-29 19:00:00,3445.22,3448.35,3443.9,3444.08,4252
2025-08-29 19:15:00,3444.08,3446.26,3442.25,3445.61,3322
2025-08-29 19:30:00,3445.67,3447.58,3445.24,3446.92,2804
2025-08-29 19:45:00,3446.92,3449.51,3445.96,3449.21,2808
2025-08-29 20:00:00,3449.1,3450.19,3447.08,3447.14,2799
2025-08-29 20:15:00,3447.13,3449.96,3446.42,3448.3,3138
2025-08-29 20:30:00,3448.09,3448.16,3443.7,3444.51,2584
2025-08-29 20:45:00,3444.53,3445.18,3440.91,3443.8,2874
2025-08-29 21:00:00,3443.82,3444.47,3441.03,3443.03,2372
